CustomerID,CustomerName,Segment,LocationID,RegistrationDate,CustomerTier
1,Customer_00001,Enterprise,16,2020-03-04,Silver
2,Customer_00002,Retail,21,2021-12-04,Bronze
3,Customer_00003,SME,17,2019-03-29,Silver
4,Customer_00004,Wholesale,15,2020-02-19,Bronze
5,Customer_00005,Retail,12,2018-11-01,Bronze
6,Customer_00006,SME,7,2019-06-19,Silver
7,Customer_00007,Enterprise,8,2018-10-09,Silver
8,Customer_00008,Enterprise,19,2020-02-11,Gold
9,Customer_00009,Retail,2,2021-12-21,Gold
10,Customer_00010,Retail,3,2021-06-20,Gold
11,Customer_00011,Retail,10,2020-02-13,Gold
12,Customer_00012,SME,20,2020-05-15,Gold
13,Customer_00013,Wholesale,17,2018-09-28,Bronze
14,Customer_00014,SME,15,2020-04-24,Silver
15,Customer_00015,Retail,14,2018-06-21,Bronze
16,Customer_00016,Retail,3,2021-03-26,Bronze
17,Customer_00017,Wholesale,9,2020-06-03,Bronze
18,Customer_00018,Retail,2,2018-11-24,Gold
19,Customer_00019,SME,19,2021-06-29,Gold
20,Customer_00020,Wholesale,19,2020-09-06,Platinum
21,Customer_00021,Enterprise,7,2018-12-01,Platinum
22,Customer_00022,Retail,8,2019-08-02,Gold
23,Customer_00023,SME,8,2018-10-22,Bronze
24,Customer_00024,SME,23,2019-11-20,Gold
25,Customer_00025,Enterprise,13,2018-06-23,Gold
26,Customer_00026,retail,20,2018-05-26,Gold
27,Customer_00027,Retail,12,2018-01-01,Bronze
28,Customer_00028,Retail,18,2021-07-02,Bronze
29,Customer_00029,Retail,14,2019-07-30,Platinum
30,Customer_00030,Wholesale,7,2021-07-14,Bronze
31,Customer_00031,Enterprise,22,2021-01-23,Silver
32,Customer_00032,SME,18,2020-10-08,Silver
33,Customer_00033,Retail,20,2019-05-08,Bronze
34,Customer_00034,Retail,24,2020-03-26,Bronze
35,Customer_00035,Retail,7,2018-06-14,Platinum
36,Customer_00036,Retail,3,2020-10-11,Gold
37,Customer_00037,Retail,15,2019-06-21,Platinum
38,Customer_00038,Retail,9,2018-11-14,Bronze
39,Customer_00039,Retail,11,2017-12-23,Bronze
40,Customer_00040,Wholesale,6,2020-12-30,Silver
41,Customer_00041,Retail,10,2018-12-28,Silver
42,Customer_00042,SME,10,2021-08-27,Bronze
43,Customer_00043,Enterprise,9,2019-10-09,Gold
44,Customer_00044,Retail,19,2020-04-21,Platinum
45,Customer_00045,SME,15,2018-01-25,Silver
46,Customer_00046,sme,12,2018-10-29,Silver
47,Customer_00047,Retail,3,2018-03-13,Silver
48,Customer_00048,Retail,15,2018-07-06,Bronze
49,Customer_00049,Wholesale,5,2020-04-25,Bronze
50,Customer_00050,Retail,8,2018-12-28,Silver
51,Customer_00051,Retail,11,2021-11-17,Silver
52,Customer_00052,Retail,4,2019-09-18,Silver
53,Customer_00053,Enterprise,10,2021-10-23,Gold
54,Customer_00054,Wholesale,7,2019-01-11,Bronze
55,Customer_00055,Enterprise,22,2018-01-12,Bronze
56,Customer_00056,Enterprise,22,2019-03-16,Bronze
57,Customer_00057,Retail,1,2018-07-22,Bronze
58,Customer_00058,Wholesale,16,2021-01-15,Silver
59,Customer_00059,Retail,17,2017-12-03,Gold
60,Customer_00060,Retail,10,2019-09-28,Gold
61,Customer_00061,Wholesale,12,2019-03-27,Silver
62,Customer_00062,Retail,20,2018-11-03,Silver
63,Customer_00063,Wholesale,10,2019-05-18,Bronze
64,Customer_00064,Enterprise,2,2020-09-13,Silver
65,Customer_00065,Wholesale,10,2019-06-29,Bronze
66,Customer_00066,Wholesale,7,2019-04-27,Gold
67,Customer_00067,Wholesale,10,2018-06-25,Silver
68,Customer_00068,Retail,6,2020-01-10,Bronze
69,Customer_00069,retail,4,2019-12-11,Bronze
70,Customer_00070,Retail,25,2019-12-09,Bronze
71,Customer_00071,Retail,4,2021-07-14,Platinum
72,Customer_00072,Retail,18,2021-08-19,Bronze
73,Customer_00073,SME,18,2021-12-02,Bronze
74,Customer_00074,Retail,16,2019-04-08,Bronze
75,Customer_00075,Retail,23,2020-04-13,Gold
76,Customer_00076,Retail,1,2018-06-13,Silver
77,Customer_00077,Retail,8,2019-02-13,Silver
78,Customer_00078,Wholesale,5,2021-06-03,Silver
79,Customer_00079,Wholesale,15,2021-08-04,Bronze
80,Customer_00080,Enterprise,16,2020-07-01,Gold
81,Customer_00081,Wholesale,23,2018-03-22,Bronze
82,Customer_00082,Retail,10,2021-10-20,Bronze
83,Customer_00083,SME,6,2021-03-26,Silver
84,Customer_00084,Retail,24,2021-11-18,Bronze
85,Customer_00085,Retail,17,2020-04-21,Bronze
86,Customer_00086,Retail,20,2017-12-09,Gold
87,Customer_00087,enterprise,12,2019-03-13,Silver
88,Customer_00088,Retail,12,2019-12-23,Bronze
89,Customer_00089,retail,10,2021-05-30,Bronze
90,Customer_00090,Wholesale,19,2020-07-17,Gold
91,Customer_00091,Retail,6,2019-11-07,Bronze
92,Customer_00092,Wholesale,25,2020-11-15,Bronze
93,Customer_00093,Retail,5,2019-02-09,Silver
94,Customer_00094,Retail,12,2017-12-23,Silver
95,Customer_00095,retail,8,2021-02-27,Platinum
96,Customer_00096,Wholesale,17,2020-12-19,Silver
97,Customer_00097,Retail,18,2021-06-26,Bronze
98,Customer_00098,Retail,23,2019-01-09,Silver
99,Customer_00099,Retail,20,2020-02-09,Silver
100,Customer_00100,SME,7,2020-11-02,Bronze
101,Customer_00101,SME,6,2021-02-07,Silver
102,Customer_00102,Wholesale,23,2021-09-18,Bronze
103,Customer_00103,Retail,13,2020-01-18,Gold
104,Customer_00104,SME,3,2019-03-14,Gold
105,Customer_00105,Enterprise,21,2021-01-14,Silver
106,Customer_00106,Enterprise,17,2021-12-30,Platinum
107,Customer_00107,Retail,1,2020-01-23,Platinum
108,Customer_00108,Retail,20,2019-03-25,Bronze
109,Customer_00109,retail,16,2020-08-02,Silver
110,Customer_00110,SME,16,2020-12-22,Silver
111,Customer_00111,Retail,22,2021-05-15,Bronze
112,Customer_00112,Retail,13,2018-12-09,Silver
113,Customer_00113,Retail,12,2018-06-19,Bronze
114,Customer_00114,Wholesale,16,2018-11-04,Platinum
115,Customer_00115,Retail,5,2019-11-16,Silver
116,Customer_00116,SME,4,2019-01-11,Gold
117,Customer_00117,Enterprise,22,2020-05-16,Silver
118,Customer_00118,Enterprise,6,2021-11-26,Bronze
119,Customer_00119,Retail,13,2020-06-29,Gold
120,Customer_00120,Wholesale,7,2019-02-11,Bronze
121,Customer_00121,Wholesale,6,2019-05-06,Bronze
122,Customer_00122,Wholesale,15,2017-12-08,Silver
123,Customer_00123,Retail,21,2017-11-27,Silver
124,Customer_00124,Retail,12,2021-01-03,Bronze
125,Customer_00125,Retail,4,2021-12-18,Bronze
126,Customer_00126,Retail,7,2020-11-16,Bronze
127,Customer_00127,Retail,5,2018-05-28,Bronze
128,Customer_00128,Retail,23,2018-08-30,Bronze
129,Customer_00129,Retail,8,2021-08-06,Silver
130,Customer_00130,Wholesale,10,2021-05-06,Bronze
131,Customer_00131,Retail,2,2019-09-09,Bronze
132,Customer_00132,SME,12,2019-04-17,Silver
133,Customer_00133,wholesale,23,2017-12-20,Gold
134,Customer_00134,Retail,11,2018-11-26,Bronze
135,Customer_00135,Wholesale,17,2021-02-18,Bronze
136,Customer_00136,Retail,5,2021-11-07,Bronze
137,Customer_00137,SME,4,2019-05-27,Platinum
138,Customer_00138,Retail,19,2019-09-24,Bronze
139,Customer_00139,Enterprise,2,2018-03-21,Bronze
140,Customer_00140,Retail,12,2019-08-22,Silver
141,Customer_00141,Retail,8,2019-12-12,Bronze
142,Customer_00142,Retail,1,2020-10-03,Bronze
143,Customer_00143,SME,14,2021-08-25,Bronze
144,Customer_00144,Wholesale,25,2018-05-28,Silver
145,Customer_00145,Retail,2,2018-08-11,Silver
146,Customer_00146,Retail,21,2021-05-02,Silver
147,Customer_00147,Retail,14,2019-02-11,Gold
148,Customer_00148,Wholesale,19,2020-07-04,Bronze
149,Customer_00149,Retail,3,2020-03-17,Platinum
150,Customer_00150,Retail,22,2018-07-08,Gold
151,Customer_00151,SME,1,2018-07-18,Gold
152,Customer_00152,SME,23,2021-03-22,Gold
153,Customer_00153,Retail,17,2020-09-27,Silver
154,Customer_00154,Wholesale,9,2018-08-18,Bronze
155,Customer_00155,Retail,1,2018-03-28,Silver
156,Customer_00156,Wholesale,16,2021-09-05,Bronze
157,Customer_00157,Retail,3,2018-07-31,Silver
158,Customer_00158,Wholesale,16,2019-12-30,Bronze
159,Customer_00159,Enterprise,20,2019-07-31,Bronze
160,Customer_00160,Enterprise,7,2021-09-11,Platinum
161,Customer_00161,Retail,6,2019-03-18,Silver
162,Customer_00162,SME,6,2019-03-22,Silver
163,Customer_00163,Retail,6,2019-04-13,Bronze
164,Customer_00164,Retail,3,2018-10-04,Silver
165,Customer_00165,Wholesale,7,2018-02-12,Gold
166,Customer_00166,Retail,17,2018-07-07,Silver
167,Customer_00167,SME,8,2018-12-11,Silver
168,Customer_00168,SME,20,2017-12-22,Silver
169,Customer_00169,Retail,21,2019-03-27,Bronze
170,Customer_00170,SME,20,2019-03-30,Silver
171,Customer_00171,Retail,14,2019-10-11,Platinum
172,Customer_00172,Wholesale,8,2018-11-05,Silver
173,Customer_00173,Retail,24,2021-09-16,Silver
174,Customer_00174,SME,6,2019-12-05,Silver
175,Customer_00175,Retail,12,2020-04-04,Silver
176,Customer_00176,Retail,12,2018-04-03,Platinum
177,Customer_00177,Retail,19,2021-09-15,Gold
178,Customer_00178,SME,14,2019-05-12,Silver
179,Customer_00179,SME,20,2021-03-31,Silver
180,Customer_00180,Enterprise,23,2018-05-17,Silver
181,Customer_00181,SME,10,2018-07-04,Bronze
182,Customer_00182,SME,22,2021-01-13,Silver
183,Customer_00183,Wholesale,5,2018-06-04,Gold
184,Customer_00184,Retail,23,2019-12-18,Silver
185,Customer_00185,enterprise,5,2018-01-06,Bronze
186,Customer_00186,Wholesale,22,2019-01-03,Gold
187,Customer_00187,Retail,10,2021-11-11,Gold
188,Customer_00188,Retail,25,2021-03-03,Bronze
189,Customer_00189,Enterprise,4,2020-05-06,Silver
190,Customer_00190,Retail,12,2021-02-18,Silver
191,Customer_00191,SME,23,2021-06-17,Gold
192,Customer_00192,Retail,2,2017-12-26,Bronze
193,Customer_00193,Retail,7,2018-06-08,Bronze
194,Customer_00194,SME,3,2020-03-21,Silver
195,Customer_00195,Retail,9,2021-02-13,Bronze
196,Customer_00196,Retail,10,2021-04-04,Silver
197,Customer_00197,Wholesale,16,2018-03-30,Gold
198,Customer_00198,SME,7,2020-08-22,Bronze
199,Customer_00199,Retail,4,2021-12-14,Silver
200,Customer_00200,Retail,5,2020-05-15,Platinum
201,Customer_00201,Enterprise,24,2020-02-20,Silver
202,Customer_00202,SME,24,2019-06-12,Silver
203,Customer_00203,Wholesale,6,2020-08-11,Silver
204,Customer_00204,Retail,5,2018-03-19,Bronze
205,Customer_00205,Retail,2,2019-05-12,Bronze
206,Customer_00206,Retail,24,2017-12-14,Silver
207,Customer_00207,Retail,18,2020-06-30,Silver
208,Customer_00208,Wholesale,20,2019-04-30,Bronze
209,Customer_00209,Retail,8,2020-07-02,Bronze
210,Customer_00210,Wholesale,17,2019-02-17,Gold
211,Customer_00211,Wholesale,2,2018-12-10,Bronze
212,Customer_00212,Wholesale,17,2020-09-06,Gold
213,Customer_00213,Retail,15,2018-02-25,Silver
214,Customer_00214,SME,9,2018-06-26,Silver
215,Customer_00215,Enterprise,18,2018-05-01,Bronze
216,Customer_00216,Enterprise,17,2021-02-09,Bronze
217,Customer_00217,Retail,11,2019-01-21,Silver
218,Customer_00218,Retail,5,2021-07-26,Silver
219,Customer_00219,sme,1,2021-07-27,Bronze
220,Customer_00220,Retail,24,2018-01-03,Silver
221,Customer_00221,Retail,8,2021-05-17,Silver
222,Customer_00222,Retail,8,2018-06-15,Bronze
223,Customer_00223,Wholesale,18,2020-03-26,Silver
224,Customer_00224,SME,7,2020-10-03,Bronze
225,Customer_00225,Retail,10,2021-09-13,Silver
226,Customer_00226,SME,18,2019-03-26,Bronze
227,Customer_00227,Retail,15,2019-01-16,Silver
228,Customer_00228,Wholesale,17,2020-02-01,Bronze
229,Customer_00229,Wholesale,1,2018-09-05,Silver
230,Customer_00230,Retail,12,2020-09-04,Silver
231,Customer_00231,Retail,12,2019-09-27,Platinum
232,Customer_00232,Retail,16,2020-10-28,Silver
233,Customer_00233,SME,4,2019-08-12,Gold
234,Customer_00234,Wholesale,4,2021-06-11,Bronze
235,Customer_00235,SME,20,2020-01-18,Silver
236,Customer_00236,sme,17,2019-10-01,Bronze
237,Customer_00237,Retail,21,2019-09-20,Silver
238,Customer_00238,Enterprise,7,2020-03-03,Silver
239,Customer_00239,Retail,25,2019-05-12,Gold
240,Customer_00240,Retail,7,2019-11-25,Silver
241,Customer_00241,SME,17,2020-11-03,Silver
242,Customer_00242,Enterprise,5,2021-02-12,Bronze
243,Customer_00243,Retail,23,2019-05-06,Bronze
244,Customer_00244,Wholesale,9,2018-02-24,Gold
245,Customer_00245,Wholesale,21,2018-11-29,Bronze
246,Customer_00246,SME,9,2019-05-20,Bronze
247,Customer_00247,Wholesale,20,2018-03-21,Platinum
248,Customer_00248,Retail,12,2018-04-23,Platinum
249,Customer_00249,Retail,2,2019-12-04,Silver
250,Customer_00250,Retail,5,2021-07-22,Silver
251,Customer_00251,Wholesale,18,2019-05-26,Gold
252,Customer_00252,SME,5,2019-06-12,Bronze
253,Customer_00253,Retail,7,2020-11-11,Silver
254,Customer_00254,Retail,14,2018-07-07,Silver
255,Customer_00255,Retail,7,2018-06-07,Platinum
256,Customer_00256,Enterprise,4,2020-08-23,Platinum
257,Customer_00257,SME,16,2020-01-17,Silver
258,Customer_00258,Retail,18,2021-03-15,Bronze
259,Customer_00259,Retail,19,2021-04-09,Silver
260,Customer_00260,Wholesale,24,2020-11-30,Bronze
261,Customer_00261,Retail,4,2020-07-02,Gold
262,Customer_00262,SME,11,2020-11-18,Bronze
263,Customer_00263,Retail,6,2021-05-19,Bronze
264,Customer_00264,Retail,23,2020-03-02,Gold
265,Customer_00265,SME,14,2019-06-11,Silver
266,Customer_00266,Retail,3,2020-08-31,Gold
267,Customer_00267,retail,18,2019-10-24,Bronze
268,Customer_00268,Retail,2,2020-11-21,Gold
269,Customer_00269,Retail,7,2019-02-11,Bronze
270,Customer_00270,Retail,19,2019-05-05,Bronze
271,Customer_00271,Retail,13,2018-01-22,Silver
272,Customer_00272,Retail,20,2021-10-14,Bronze
273,Customer_00273,Retail,15,2018-07-02,Silver
274,Customer_00274,Wholesale,22,2020-08-09,Bronze
275,Customer_00275,Wholesale,15,2021-09-24,Bronze
276,Customer_00276,retail,2,2019-03-04,Gold
277,Customer_00277,retail,2,2021-04-19,Bronze
278,Customer_00278,Wholesale,20,2021-04-13,Silver
279,Customer_00279,SME,1,2017-12-24,Gold
280,Customer_00280,SME,10,2021-02-04,Bronze
281,Customer_00281,Retail,1,2019-10-04,Gold
282,Customer_00282,Retail,8,2021-03-07,Bronze
283,Customer_00283,Retail,15,2021-06-30,Silver
284,Customer_00284,Retail,5,2021-12-31,Bronze
285,Customer_00285,Wholesale,12,2021-12-08,Gold
286,Customer_00286,Retail,25,2020-01-22,Silver
287,Customer_00287,Retail,2,2020-03-21,Silver
288,Customer_00288,Retail,2,2021-11-04,Platinum
289,Customer_00289,Wholesale,7,2020-07-26,Bronze
290,Customer_00290,Retail,21,2020-11-18,Gold
291,Customer_00291,SME,11,2019-08-29,Gold
292,Customer_00292,Retail,16,2017-12-01,Platinum
293,Customer_00293,SME,1,2019-03-01,Platinum
294,Customer_00294,Retail,19,2018-03-26,Platinum
295,Customer_00295,SME,2,2021-03-19,Bronze
296,Customer_00296,SME,18,2021-02-13,Gold
297,Customer_00297,SME,4,2018-12-02,Gold
298,Customer_00298,SME,22,2020-09-23,Silver
299,Customer_00299,Enterprise,8,2018-07-08,Bronze
300,Customer_00300,Wholesale,5,2020-02-06,Platinum
301,Customer_00301,Enterprise,9,2021-03-06,Bronze
302,Customer_00302,Retail,1,2018-07-15,Silver
303,Customer_00303,Wholesale,5,2019-09-29,Silver
304,Customer_00304,Wholesale,15,2018-09-16,Bronze
305,Customer_00305,SME,8,2020-02-23,Gold
306,Customer_00306,Retail,9,2021-06-26,Bronze
307,Customer_00307,Retail,21,2019-03-17,Silver
308,Customer_00308,Wholesale,4,2021-06-29,Gold
309,Customer_00309,Retail,10,2019-04-13,Bronze
310,Customer_00310,Retail,5,2020-04-16,Gold
311,Customer_00311,Retail,13,2018-10-02,Bronze
312,Customer_00312,Retail,9,2018-06-06,Gold
313,Customer_00313,Retail,2,2020-04-30,Platinum
314,Customer_00314,Retail,2,2018-05-19,Bronze
315,Customer_00315,Retail,22,2021-07-19,Silver
316,Customer_00316,Retail,2,2021-07-24,Silver
317,Customer_00317,Retail,20,2017-12-03,Silver
318,Customer_00318,Wholesale,23,2019-08-24,Gold
319,Customer_00319,Retail,12,2020-02-25,Silver
320,Customer_00320,SME,8,2021-05-13,Silver
321,Customer_00321,SME,20,2020-10-25,Bronze
322,Customer_00322,Retail,25,2019-03-09,Silver
323,Customer_00323,Retail,4,2018-08-18,Gold
324,Customer_00324,Wholesale,25,2018-03-29,Bronze
325,Customer_00325,SME,24,2020-04-30,Silver
326,Customer_00326,Wholesale,4,2020-02-19,Bronze
327,Customer_00327,SME,2,2021-05-02,Gold
328,Customer_00328,Wholesale,18,2021-08-30,Silver
329,Customer_00329,Wholesale,2,2020-03-16,Silver
330,Customer_00330,Retail,16,2019-08-17,Bronze
331,Customer_00331,Enterprise,2,2021-07-29,Silver
332,Customer_00332,retail,18,2020-04-29,Platinum
333,Customer_00333,Wholesale,6,2019-05-15,Silver
334,Customer_00334,SME,3,2018-09-03,Silver
335,Customer_00335,Retail,2,2018-02-24,Gold
336,Customer_00336,Wholesale,5,2020-08-09,Silver
337,Customer_00337,Retail,14,2020-05-24,Silver
338,Customer_00338,Enterprise,2,2018-05-30,Bronze
339,Customer_00339,Retail,21,2019-02-27,Bronze
340,Customer_00340,SME,16,2020-11-17,Gold
341,Customer_00341,Retail,8,2019-03-11,Gold
342,Customer_00342,SME,25,2021-05-10,Platinum
343,Customer_00343,SME,17,2020-02-28,Gold
344,Customer_00344,Wholesale,17,2020-09-29,Silver
345,Customer_00345,Enterprise,5,2017-12-05,Bronze
346,Customer_00346,enterprise,18,2021-11-10,Silver
347,Customer_00347,SME,14,2018-06-26,Platinum
348,Customer_00348,Retail,25,2020-11-06,Gold
349,Customer_00349,Wholesale,12,2021-11-08,Silver
350,Customer_00350,Retail,17,2019-04-17,Silver
351,Customer_00351,Wholesale,9,2019-03-21,Gold
352,Customer_00352,Retail,2,2021-06-02,Platinum
353,Customer_00353,Wholesale,4,2021-11-05,Gold
354,Customer_00354,Wholesale,22,2021-07-18,Silver
355,Customer_00355,Retail,19,2020-04-28,Bronze
356,Customer_00356,Wholesale,10,2021-06-17,Silver
357,Customer_00357,Enterprise,18,2019-02-12,Bronze
358,Customer_00358,Enterprise,1,2021-09-07,Platinum
359,Customer_00359,Retail,1,2018-10-06,Silver
360,Customer_00360,Wholesale,13,2018-05-31,Silver
361,Customer_00361,SME,16,2019-01-22,Bronze
362,Customer_00362,Retail,24,2018-02-15,Silver
363,Customer_00363,Retail,19,2018-02-23,Silver
364,Customer_00364,Retail,7,2021-10-24,Bronze
365,Customer_00365,Wholesale,21,2020-08-07,Gold
366,Customer_00366,Retail,13,2018-11-18,Silver
367,Customer_00367,Enterprise,21,2020-08-10,Silver
368,Customer_00368,Wholesale,5,2018-12-23,Bronze
369,Customer_00369,Retail,1,2018-10-28,Silver
370,Customer_00370,SME,2,2017-11-28,Gold
371,Customer_00371,Enterprise,25,2020-08-25,Gold
372,Customer_00372,Retail,3,2020-07-29,Bronze
373,Customer_00373,Retail,24,2021-11-26,Platinum
374,Customer_00374,Retail,19,2020-10-30,Gold
375,Customer_00375,Retail,4,2020-11-07,Bronze
376,Customer_00376,Retail,22,2020-02-22,Bronze
377,Customer_00377,SME,4,2020-04-10,Bronze
378,Customer_00378,Retail,4,2018-06-27,Gold
379,Customer_00379,Retail,15,2018-10-29,Bronze
380,Customer_00380,Enterprise,8,2019-01-05,Silver
381,Customer_00381,Wholesale,8,2021-12-25,Gold
382,Customer_00382,SME,5,2020-01-25,Gold
383,Customer_00383,Enterprise,16,2019-01-03,Silver
384,Customer_00384,Retail,1,2020-12-31,Gold
385,Customer_00385,Retail,7,2020-04-04,Bronze
386,Customer_00386,SME,14,2019-01-07,Gold
387,Customer_00387,Enterprise,13,2018-09-28,Bronze
388,Customer_00388,SME,18,2018-06-30,Bronze
389,Customer_00389,Retail,6,2020-03-28,Platinum
390,Customer_00390,SME,17,2020-05-12,Bronze
391,Customer_00391,Wholesale,19,2020-06-06,Bronze
392,Customer_00392,Retail,10,2019-04-05,Silver
393,Customer_00393,Wholesale,7,2020-04-12,Bronze
394,Customer_00394,Wholesale,14,2020-05-11,Bronze
395,Customer_00395,Retail,15,2021-04-24,Silver
396,Customer_00396,Retail,3,2020-01-15,Gold
397,Customer_00397,SME,15,2021-01-11,Gold
398,Customer_00398,Retail,4,2019-11-06,Bronze
399,Customer_00399,Retail,15,2018-05-10,Silver
400,Customer_00400,Retail,24,2018-10-26,Gold
401,Customer_00401,Retail,14,2020-01-15,Bronze
402,Customer_00402,SME,20,2017-12-27,Bronze
403,Customer_00403,Enterprise,8,2017-12-23,Bronze
404,Customer_00404,Retail,24,2020-03-06,Silver
405,Customer_00405,SME,21,2018-11-13,Bronze
406,Customer_00406,SME,23,2020-08-06,Gold
407,Customer_00407,Retail,19,2018-05-25,Platinum
408,Customer_00408,SME,17,2020-06-20,Bronze
409,Customer_00409,Retail,14,2020-12-10,Silver
410,Customer_00410,SME,24,2021-06-15,Bronze
411,Customer_00411,Wholesale,22,2018-07-18,Bronze
412,Customer_00412,Wholesale,11,2020-10-13,Gold
413,Customer_00413,Retail,3,2018-08-31,Silver
414,Customer_00414,SME,1,2021-08-25,Platinum
415,Customer_00415,Retail,6,2019-12-12,Silver
416,Customer_00416,Retail,2,2020-03-31,Bronze
417,Customer_00417,Retail,6,2020-03-14,Silver
418,Customer_00418,enterprise,3,2021-04-25,Bronze
419,Customer_00419,Retail,25,2021-09-13,Gold
420,Customer_00420,SME,3,2020-07-31,Silver
421,Customer_00421,Wholesale,16,2020-01-27,Bronze
422,Customer_00422,Retail,9,2018-09-29,Silver
423,Customer_00423,Retail,5,2020-02-08,Silver
424,Customer_00424,Retail,18,2020-12-29,Gold
425,Customer_00425,Wholesale,25,2020-12-04,Bronze
426,Customer_00426,SME,20,2019-06-29,Bronze
427,Customer_00427,Retail,25,2020-03-19,Bronze
428,Customer_00428,SME,15,2018-04-21,Silver
429,Customer_00429,Retail,17,2020-03-13,Silver
430,Customer_00430,SME,4,2019-09-04,Bronze
431,Customer_00431,SME,22,2021-09-28,Silver
432,Customer_00432,Enterprise,19,2021-03-17,Silver
433,Customer_00433,Wholesale,7,2018-07-06,Bronze
434,Customer_00434,SME,9,2020-08-02,Platinum
435,Customer_00435,Retail,16,2020-04-10,Silver
436,Customer_00436,Retail,1,2019-07-31,Silver
437,Customer_00437,Retail,21,2021-10-07,Silver
438,Customer_00438,Wholesale,8,2019-12-04,Bronze
439,Customer_00439,Enterprise,2,2020-07-31,Gold
440,Customer_00440,Wholesale,9,2021-05-24,Silver
441,Customer_00441,SME,21,2020-04-14,Silver
442,Customer_00442,Retail,7,2020-03-02,Platinum
443,Customer_00443,Enterprise,14,2021-03-28,Gold
444,Customer_00444,Retail,21,2019-10-10,Gold
445,Customer_00445,Retail,1,2018-12-09,Bronze
446,Customer_00446,Enterprise,19,2020-11-27,Bronze
447,Customer_00447,SME,8,2018-01-13,Silver
448,Customer_00448,Wholesale,18,2019-06-28,Silver
449,Customer_00449,Retail,5,2018-10-30,Silver
450,Customer_00450,Wholesale,4,2021-09-18,Gold
451,Customer_00451,retail,20,2018-11-07,Bronze
452,Customer_00452,SME,21,2020-08-15,Bronze
453,Customer_00453,Enterprise,25,2019-02-01,Silver
454,Customer_00454,Retail,17,2018-09-13,Bronze
455,Customer_00455,Retail,12,2020-12-22,Silver
456,Customer_00456,Retail,5,2020-12-09,Gold
457,Customer_00457,SME,8,2021-10-04,Silver
458,Customer_00458,Retail,17,2019-07-09,Gold
459,Customer_00459,Enterprise,9,2018-10-28,Silver
460,Customer_00460,Wholesale,13,2020-04-26,Gold
461,Customer_00461,Wholesale,5,2021-05-05,Bronze
462,Customer_00462,Retail,11,2020-09-14,Gold
463,Customer_00463,SME,6,2020-05-07,Gold
464,Customer_00464,Retail,3,2018-03-29,Bronze
465,Customer_00465,Wholesale,4,2021-06-29,Silver
466,Customer_00466,Wholesale,13,2020-08-05,Gold
467,Customer_00467,Wholesale,10,2019-05-20,Bronze
468,Customer_00468,SME,3,2021-01-11,Gold
469,Customer_00469,Retail,13,2018-05-15,Platinum
470,Customer_00470,Wholesale,5,2018-04-09,Gold
471,Customer_00471,Retail,1,2020-06-10,Silver
472,Customer_00472,Retail,4,2018-12-10,Silver
473,Customer_00473,Retail,12,2018-11-25,Platinum
474,Customer_00474,Retail,24,2019-03-16,Silver
475,Customer_00475,Retail,7,2021-03-28,Bronze
476,Customer_00476,Retail,8,2021-10-19,Bronze
477,Customer_00477,Retail,7,2020-07-30,Gold
478,Customer_00478,Wholesale,9,2021-06-19,Silver
479,Customer_00479,Wholesale,18,2020-10-20,Bronze
480,Customer_00480,Retail,9,2019-05-20,Bronze
481,Customer_00481,Retail,17,2019-08-02,Gold
482,Customer_00482,Retail,23,2021-02-21,Silver
483,Customer_00483,Wholesale,24,2021-12-06,Gold
484,Customer_00484,Retail,15,2021-01-28,Gold
485,Customer_00485,Retail,18,2020-02-19,Platinum
486,Customer_00486,Retail,23,2018-10-21,Gold
487,Customer_00487,Retail,20,2020-07-03,Bronze
488,Customer_00488,Retail,8,2020-10-30,Silver
489,Customer_00489,Wholesale,4,2019-09-27,Bronze
490,Customer_00490,Wholesale,3,2021-09-16,Platinum
491,Customer_00491,Enterprise,23,2021-01-28,Bronze
492,Customer_00492,Wholesale,14,2021-11-08,Silver
493,Customer_00493,Wholesale,8,2019-11-05,Gold
494,Customer_00494,Retail,9,2020-03-08,Bronze
495,Customer_00495,Enterprise,8,2019-08-12,Gold
496,Customer_00496,Wholesale,21,2019-06-21,Bronze
497,Customer_00497,Retail,16,2020-05-19,Silver
498,Customer_00498,Wholesale,22,2018-06-08,Silver
499,Customer_00499,Retail,8,2018-03-26,Silver
500,Customer_00500,Wholesale,12,2021-07-19,Silver
501,Customer_00501,Enterprise,4,2018-03-23,Platinum
502,Customer_00502,SME,25,2021-03-12,Bronze
503,Customer_00503,SME,13,2020-12-25,Silver
504,Customer_00504,Wholesale,14,2019-10-30,Gold
505,Customer_00505,Wholesale,11,2021-11-18,Gold
506,Customer_00506,Enterprise,7,2020-07-04,Bronze
507,Customer_00507,Retail,24,2021-03-16,Platinum
508,Customer_00508,SME,13,2020-01-09,Bronze
509,Customer_00509,Retail,17,2018-08-28,Silver
510,Customer_00510,Retail,1,2018-03-17,Silver
511,Customer_00511,Retail,7,2021-02-17,Gold
512,Customer_00512,SME,21,2019-10-07,Bronze
513,Customer_00513,Retail,3,2020-01-21,Bronze
514,Customer_00514,Retail,3,2020-04-19,Gold
515,Customer_00515,Retail,21,2019-05-28,Bronze
516,Customer_00516,Retail,8,2017-12-09,Silver
517,Customer_00517,Retail,7,2020-05-04,Gold
518,Customer_00518,Enterprise,15,2021-09-26,Silver
519,Customer_00519,Retail,5,2018-03-30,Bronze
520,Customer_00520,SME,2,2018-03-05,Bronze
521,Customer_00521,SME,1,2020-09-05,Platinum
522,Customer_00522,Retail,2,2019-12-11,Silver
523,Customer_00523,Retail,4,2018-06-18,Bronze
524,Customer_00524,Wholesale,18,2019-12-08,Bronze
525,Customer_00525,Retail,8,2020-01-11,Bronze
526,Customer_00526,Retail,2,2018-03-21,Platinum
527,Customer_00527,SME,1,2018-08-07,Bronze
528,Customer_00528,SME,12,2019-12-03,Bronze
529,Customer_00529,Enterprise,22,2021-05-04,Silver
530,Customer_00530,Retail,9,2020-03-15,Bronze
531,Customer_00531,Wholesale,2,2019-03-24,Bronze
532,Customer_00532,Enterprise,6,2020-11-19,Platinum
533,Customer_00533,Retail,13,2019-10-19,Gold
534,Customer_00534,Wholesale,5,2019-04-19,Bronze
535,Customer_00535,Retail,25,2021-08-27,Silver
536,Customer_00536,Retail,20,2019-08-31,Bronze
537,Customer_00537,Wholesale,9,2018-12-22,Bronze
538,Customer_00538,Retail,24,2021-02-14,Silver
539,Customer_00539,Retail,9,2019-10-02,Silver
540,Customer_00540,SME,4,2019-02-02,Gold
541,Customer_00541,SME,24,2021-10-27,Gold
542,Customer_00542,Wholesale,24,2019-05-11,Bronze
543,Customer_00543,SME,8,2020-12-08,Platinum
544,Customer_00544,SME,15,2020-05-15,Silver
545,Customer_00545,Retail,5,2019-05-05,Bronze
546,Customer_00546,Retail,17,2021-12-26,Gold
547,Customer_00547,Retail,18,2021-12-07,Bronze
548,Customer_00548,Retail,18,2020-03-03,Silver
549,Customer_00549,Enterprise,15,2018-02-07,Gold
550,Customer_00550,Retail,18,2021-12-23,Bronze
551,Customer_00551,Retail,14,2018-10-06,Gold
552,Customer_00552,Retail,21,2021-09-11,Bronze
553,Customer_00553,Retail,5,2019-12-30,Gold
554,Customer_00554,SME,13,2020-03-27,Bronze
555,Customer_00555,Retail,11,2020-01-30,Bronze
556,Customer_00556,Retail,14,2021-09-01,Silver
557,Customer_00557,Retail,4,2018-11-28,Gold
558,Customer_00558,Retail,9,2020-11-14,Bronze
559,Customer_00559,Wholesale,24,2018-11-02,Gold
560,Customer_00560,Retail,3,2019-04-24,Bronze
561,Customer_00561,Retail,16,2019-09-28,Silver
562,Customer_00562,Retail,17,2020-09-26,Silver
563,Customer_00563,SME,12,2019-04-29,Bronze
564,Customer_00564,Wholesale,1,2017-11-27,Platinum
565,Customer_00565,Wholesale,1,2018-03-19,Silver
566,Customer_00566,Wholesale,7,2018-03-29,Silver
567,Customer_00567,Enterprise,3,2021-02-06,Silver
568,Customer_00568,Retail,3,2019-08-08,Silver
569,Customer_00569,Retail,5,2020-05-15,Silver
570,Customer_00570,Wholesale,5,2018-01-12,Gold
571,Customer_00571,Retail,21,2018-02-06,Silver
572,Customer_00572,SME,16,2018-06-09,Silver
573,Customer_00573,Retail,1,2021-05-02,Silver
574,Customer_00574,Enterprise,16,2020-09-10,Silver
575,Customer_00575,SME,4,2019-01-31,Silver
576,Customer_00576,Wholesale,11,2018-12-04,Silver
577,Customer_00577,SME,1,2020-07-25,Silver
578,Customer_00578,Wholesale,3,2021-06-10,Gold
579,Customer_00579,SME,4,2021-06-10,Platinum
580,Customer_00580,Retail,11,2019-03-12,Platinum
581,Customer_00581,Retail,12,2020-02-20,Gold
582,Customer_00582,Wholesale,9,2019-12-27,Silver
583,Customer_00583,Retail,16,2018-08-27,Gold
584,Customer_00584,Retail,19,2021-12-07,Bronze
585,Customer_00585,SME,19,2018-11-27,Silver
586,Customer_00586,Wholesale,15,2020-11-16,Bronze
587,Customer_00587,Retail,14,2018-03-07,Bronze
588,Customer_00588,Retail,13,2018-01-29,Platinum
589,Customer_00589,Retail,6,2019-12-10,Gold
590,Customer_00590,Retail,13,2020-09-15,Silver
591,Customer_00591,SME,1,2021-01-17,Bronze
592,Customer_00592,Retail,25,2021-04-04,Silver
593,Customer_00593,Retail,10,2017-11-25,Silver
594,Customer_00594,Wholesale,19,2021-03-26,Gold
595,Customer_00595,retail,24,2020-03-03,Platinum
596,Customer_00596,Retail,13,2020-01-14,Bronze
597,Customer_00597,Enterprise,22,2019-03-20,Bronze
598,Customer_00598,Wholesale,12,2018-07-18,Bronze
599,Customer_00599,SME,4,2019-09-18,Bronze
600,Customer_00600,Wholesale,1,2018-11-21,Silver
601,Customer_00601,Retail,4,2019-09-04,Bronze
602,Customer_00602,Enterprise,24,2020-03-17,Bronze
603,Customer_00603,SME,12,2021-05-10,Bronze
604,Customer_00604,Enterprise,8,2021-02-22,Bronze
605,Customer_00605,SME,12,2020-03-24,Gold
606,Customer_00606,Enterprise,7,2021-10-24,Bronze
607,Customer_00607,SME,22,2020-09-14,Gold
608,Customer_00608,Retail,25,2020-02-08,Bronze
609,Customer_00609,Enterprise,3,2020-01-24,Bronze
610,Customer_00610,Retail,18,2018-08-28,Bronze
611,Customer_00611,Wholesale,9,2018-01-11,Gold
612,Customer_00612,Wholesale,2,2019-01-03,Bronze
613,Customer_00613,SME,24,2021-09-04,Silver
614,Customer_00614,SME,2,2020-04-29,Bronze
615,Customer_00615,Retail,6,2019-01-03,Platinum
616,Customer_00616,Enterprise,1,2019-07-24,Bronze
617,Customer_00617,Enterprise,12,2020-02-15,Silver
618,Customer_00618,Retail,15,2020-03-18,Gold
619,Customer_00619,Retail,9,2020-05-03,Bronze
620,Customer_00620,Retail,2,2019-08-17,Bronze
621,Customer_00621,Enterprise,3,2021-04-08,Gold
622,Customer_00622,Retail,24,2019-11-17,Bronze
623,Customer_00623,SME,21,2021-02-27,Bronze
624,Customer_00624,Retail,24,2019-03-17,Silver
625,Customer_00625,SME,14,2018-06-14,Bronze
626,Customer_00626,Retail,14,2019-12-02,Platinum
627,Customer_00627,Enterprise,20,2020-05-30,Silver
628,Customer_00628,Retail,16,2018-02-21,Silver
629,Customer_00629,Wholesale,11,2019-04-18,Bronze
630,Customer_00630,SME,8,2020-03-30,Silver
631,Customer_00631,SME,13,2021-11-19,Silver
632,Customer_00632,SME,2,2021-12-09,Bronze
633,Customer_00633,retail,5,2021-02-03,Gold
634,Customer_00634,Retail,19,2021-01-12,Silver
635,Customer_00635,Retail,22,2019-01-15,Gold
636,Customer_00636,Retail,3,2019-12-13,Bronze
637,Customer_00637,Wholesale,3,2017-11-24,Bronze
638,Customer_00638,enterprise,3,2019-10-14,Gold
639,Customer_00639,Enterprise,20,2018-04-18,Gold
640,Customer_00640,SME,8,2019-09-26,Silver
641,Customer_00641,Enterprise,9,2020-07-13,Bronze
642,Customer_00642,SME,1,2019-01-26,Gold
643,Customer_00643,Retail,25,2020-02-27,Bronze
644,Customer_00644,Retail,11,2020-11-16,Bronze
645,Customer_00645,wholesale,20,2020-01-23,Silver
646,Customer_00646,SME,18,2019-04-10,Bronze
647,Customer_00647,Retail,4,2020-06-17,Bronze
648,Customer_00648,Wholesale,21,2019-02-10,Bronze
649,Customer_00649,Wholesale,14,2017-12-22,Platinum
650,Customer_00650,Retail,16,2020-04-25,Bronze
651,Customer_00651,Retail,6,2020-10-16,Silver
652,Customer_00652,SME,22,2020-05-08,Platinum
653,Customer_00653,Wholesale,24,2018-07-24,Silver
654,Customer_00654,retail,11,2021-04-08,Silver
655,Customer_00655,SME,3,2018-01-02,Silver
656,Customer_00656,Retail,22,2020-04-21,Silver
657,Customer_00657,SME,23,2018-07-19,Silver
658,Customer_00658,Retail,13,2018-10-09,Platinum
659,Customer_00659,Wholesale,15,2018-10-14,Gold
660,Customer_00660,Retail,6,2018-04-09,Silver
661,Customer_00661,Retail,2,2021-03-30,Bronze
662,Customer_00662,SME,24,2019-07-26,Gold
663,Customer_00663,Retail,13,2021-08-06,Bronze
664,Customer_00664,Retail,7,2020-10-09,Gold
665,Customer_00665,Retail,18,2021-11-02,Bronze
666,Customer_00666,Enterprise,1,2019-03-15,Gold
667,Customer_00667,SME,2,2019-07-05,Gold
668,Customer_00668,SME,7,2018-12-18,Silver
669,Customer_00669,Retail,12,2021-04-12,Bronze
670,Customer_00670,Retail,10,2020-08-21,Gold
671,Customer_00671,Retail,5,2019-03-24,Silver
672,Customer_00672,Wholesale,9,2018-08-11,Bronze
673,Customer_00673,SME,9,2018-05-14,Silver
674,Customer_00674,Enterprise,14,2021-09-13,Silver
675,Customer_00675,Wholesale,15,2020-05-08,Silver
676,Customer_00676,Retail,23,2021-12-16,Bronze
677,Customer_00677,SME,21,2018-08-23,Silver
678,Customer_00678,Retail,8,2021-07-01,Gold
679,Customer_00679,Retail,23,2018-08-17,Bronze
680,Customer_00680,Retail,14,2021-05-12,Silver
681,Customer_00681,Retail,5,2021-12-09,Silver
682,Customer_00682,Retail,9,2018-05-24,Gold
683,Customer_00683,Retail,19,2020-03-14,Silver
684,Customer_00684,Retail,21,2020-04-04,Gold
685,Customer_00685,Wholesale,10,2019-05-07,Bronze
686,Customer_00686,Retail,4,2020-11-15,Silver
687,Customer_00687,Retail,5,2019-03-02,Platinum
688,Customer_00688,SME,3,2020-03-29,Gold
689,Customer_00689,Enterprise,18,2020-11-19,Silver
690,Customer_00690,Wholesale,13,2020-05-19,Silver
691,Customer_00691,Retail,12,2021-12-23,Silver
692,Customer_00692,SME,17,2020-10-06,Bronze
693,Customer_00693,Retail,21,2019-07-29,Gold
694,Customer_00694,Retail,20,2021-06-09,Gold
695,Customer_00695,SME,4,2021-07-08,Silver
696,Customer_00696,Wholesale,15,2019-04-24,Bronze
697,Customer_00697,Enterprise,23,2020-03-30,Bronze
698,Customer_00698,Wholesale,20,2021-06-11,Bronze
699,Customer_00699,Wholesale,9,2018-12-07,Gold
700,Customer_00700,Retail,10,2018-10-26,Silver
701,Customer_00701,Retail,23,2021-11-10,Bronze
702,Customer_00702,Retail,1,2021-03-05,Silver
703,Customer_00703,Retail,14,2020-06-25,Platinum
704,Customer_00704,SME,3,2018-12-31,Bronze
705,Customer_00705,Retail,23,2021-09-12,Silver
706,Customer_00706,Wholesale,1,2018-09-11,Silver
707,Customer_00707,Enterprise,1,2020-09-09,Bronze
708,Customer_00708,Enterprise,9,2021-06-28,Silver
709,Customer_00709,Retail,6,2018-06-16,Silver
710,Customer_00710,Retail,13,2021-08-24,Bronze
711,Customer_00711,SME,8,2021-06-21,Bronze
712,Customer_00712,Wholesale,9,2018-02-07,Gold
713,Customer_00713,SME,15,2019-11-14,Bronze
714,Customer_00714,SME,15,2020-02-07,Silver
715,Customer_00715,Enterprise,24,2019-03-07,Silver
716,Customer_00716,Retail,13,2019-06-01,Gold
717,Customer_00717,Wholesale,15,2019-06-26,Gold
718,Customer_00718,retail,17,2021-11-28,Gold
719,Customer_00719,Wholesale,5,2019-09-27,Silver
720,Customer_00720,SME,17,2020-11-09,Silver
721,Customer_00721,Wholesale,22,2018-09-08,Silver
722,Customer_00722,Retail,8,2019-12-05,Silver
723,Customer_00723,Retail,5,2021-06-30,Silver
724,Customer_00724,SME,9,2018-05-13,Bronze
725,Customer_00725,Retail,7,2020-11-01,Silver
726,Customer_00726,Retail,15,2020-11-20,Silver
727,Customer_00727,Retail,22,2018-02-27,Bronze
728,Customer_00728,Retail,15,2018-10-27,Bronze
729,Customer_00729,Retail,4,2018-06-22,Gold
730,Customer_00730,Wholesale,8,2019-04-14,Silver
731,Customer_00731,Retail,18,2018-04-07,Gold
732,Customer_00732,Retail,9,2021-07-13,Silver
733,Customer_00733,Retail,15,2019-07-17,Gold
734,Customer_00734,Retail,18,2020-10-18,Gold
735,Customer_00735,Retail,9,2020-05-14,Bronze
736,Customer_00736,Wholesale,17,2021-01-10,Platinum
737,Customer_00737,Retail,10,2021-02-28,Bronze
738,Customer_00738,Retail,4,2020-03-09,Silver
739,Customer_00739,Retail,10,2018-03-26,Gold
740,Customer_00740,Retail,12,2019-05-24,Bronze
741,Customer_00741,Retail,1,2020-07-26,Silver
742,Customer_00742,Retail,23,2020-03-22,Silver
743,Customer_00743,SME,14,2019-10-30,Bronze
744,Customer_00744,Retail,1,2020-12-31,Bronze
745,Customer_00745,Wholesale,22,2019-11-12,Bronze
746,Customer_00746,Retail,22,2019-02-23,Bronze
747,Customer_00747,Retail,1,2021-01-02,Silver
748,Customer_00748,Retail,5,2019-08-09,Silver
749,Customer_00749,Enterprise,10,2019-02-04,Silver
750,Customer_00750,SME,13,2019-11-15,Silver
751,Customer_00751,Retail,19,2020-10-21,Bronze
752,Customer_00752,Retail,11,2019-09-23,Bronze
753,Customer_00753,Retail,16,2018-09-30,Gold
754,Customer_00754,Retail,1,2021-02-03,Platinum
755,Customer_00755,Wholesale,17,2019-08-23,Silver
756,Customer_00756,Retail,23,2019-03-18,Bronze
757,Customer_00757,Retail,14,2020-09-06,Gold
758,Customer_00758,SME,12,2020-05-30,Gold
759,Customer_00759,Retail,8,2018-05-09,Silver
760,Customer_00760,Retail,24,2020-07-05,Bronze
761,Customer_00761,Enterprise,1,2019-07-19,Bronze
762,Customer_00762,Retail,8,2021-05-22,Silver
763,Customer_00763,Retail,4,2018-03-15,Platinum
764,Customer_00764,Retail,22,2019-07-21,Silver
765,Customer_00765,SME,13,2018-11-18,Bronze
766,Customer_00766,Retail,24,2019-07-13,Silver
767,Customer_00767,Retail,17,2020-07-17,Gold
768,Customer_00768,Retail,14,2020-08-09,Silver
769,Customer_00769,Retail,13,2019-02-15,Gold
770,Customer_00770,Wholesale,6,2018-06-22,Silver
771,Customer_00771,Retail,15,2021-06-24,Bronze
772,Customer_00772,wholesale,18,2018-07-13,Silver
773,Customer_00773,Wholesale,25,2018-08-05,Silver
774,Customer_00774,SME,14,2021-07-22,Platinum
775,Customer_00775,Retail,24,2021-07-23,Silver
776,Customer_00776,SME,24,2019-02-24,Silver
777,Customer_00777,Wholesale,14,2018-07-17,Silver
778,Customer_00778,Retail,11,2020-05-21,Silver
779,Customer_00779,Enterprise,4,2019-05-17,Silver
780,Customer_00780,SME,7,2017-11-24,Gold
781,Customer_00781,Retail,22,2020-09-04,Silver
782,Customer_00782,SME,4,2021-01-29,Silver
783,Customer_00783,Retail,10,2017-12-06,Silver
784,Customer_00784,Wholesale,18,2020-11-07,Bronze
785,Customer_00785,SME,7,2020-01-24,Silver
786,Customer_00786,Retail,25,2020-03-09,Silver
787,Customer_00787,SME,17,2019-11-09,Silver
788,Customer_00788,Retail,1,2020-11-24,Gold
789,Customer_00789,Enterprise,7,2019-03-20,Gold
790,Customer_00790,Wholesale,19,2019-03-01,Gold
791,Customer_00791,Retail,22,2021-03-07,Silver
792,Customer_00792,Retail,24,2020-01-11,Bronze
793,Customer_00793,Retail,22,2021-10-07,Gold
794,Customer_00794,Retail,2,2021-02-04,Silver
795,Customer_00795,Retail,19,2017-12-13,Silver
796,Customer_00796,Retail,3,2019-12-04,Silver
797,Customer_00797,Retail,2,2019-06-12,Gold
798,Customer_00798,Retail,18,2018-05-09,Bronze
799,Customer_00799,Enterprise,12,2019-01-27,Silver
800,Customer_00800,Enterprise,17,2018-10-01,Bronze
801,Customer_00801,Enterprise,22,2019-01-29,Silver
802,Customer_00802,Retail,2,2019-12-15,Silver
803,Customer_00803,SME,14,2019-05-29,Silver
804,Customer_00804,Wholesale,21,2020-10-26,Silver
805,Customer_00805,Retail,12,2018-05-07,Gold
806,Customer_00806,Retail,14,2021-04-07,Gold
807,Customer_00807,Wholesale,13,2018-05-16,Silver
808,Customer_00808,Retail,23,2018-05-25,Platinum
809,Customer_00809,Wholesale,2,2021-06-02,Silver
810,Customer_00810,SME,22,2019-02-01,Gold
811,Customer_00811,Retail,21,2017-12-09,Bronze
812,Customer_00812,Retail,21,2019-08-27,Bronze
813,Customer_00813,SME,11,2020-08-09,Bronze
814,Customer_00814,Wholesale,13,2018-05-23,Bronze
815,Customer_00815,Retail,10,2019-11-25,Silver
816,Customer_00816,SME,7,2021-07-03,Bronze
817,Customer_00817,SME,22,2020-12-24,Silver
818,Customer_00818,Wholesale,13,2019-03-15,Bronze
819,Customer_00819,Wholesale,19,2020-02-18,Bronze
820,Customer_00820,Retail,3,2021-02-10,Platinum
821,Customer_00821,Retail,20,2018-09-21,Silver
822,Customer_00822,Wholesale,17,2021-07-05,Platinum
823,Customer_00823,Retail,25,2021-02-07,Silver
824,Customer_00824,Wholesale,4,2020-02-03,Bronze
825,Customer_00825,SME,14,2021-11-03,Silver
826,Customer_00826,Retail,13,2020-05-30,Silver
827,Customer_00827,Wholesale,14,2018-04-08,Bronze
828,Customer_00828,Retail,2,2018-02-20,Gold
829,Customer_00829,SME,12,2018-06-04,Silver
830,Customer_00830,Retail,8,2020-09-03,Gold
831,Customer_00831,Wholesale,16,2021-09-26,Silver
832,Customer_00832,Wholesale,6,2018-08-28,Silver
833,Customer_00833,Retail,11,2020-06-21,Bronze
834,Customer_00834,Wholesale,16,2018-12-05,Platinum
835,Customer_00835,Enterprise,2,2021-07-07,Silver
836,Customer_00836,Wholesale,20,2019-04-06,Bronze
837,Customer_00837,Enterprise,18,2019-08-06,Bronze
838,Customer_00838,SME,2,2018-03-23,Silver
839,Customer_00839,Retail,2,2021-08-02,Platinum
840,Customer_00840,Wholesale,22,2020-04-30,Gold
841,Customer_00841,Retail,8,2017-12-09,Gold
842,Customer_00842,Enterprise,22,2020-05-27,Platinum
843,Customer_00843,Wholesale,13,2019-04-20,Gold
844,Customer_00844,Retail,9,2021-05-05,Bronze
845,Customer_00845,Retail,7,2019-01-05,Silver
846,Customer_00846,SME,17,2020-11-14,Bronze
847,Customer_00847,Retail,3,2019-08-27,Bronze
848,Customer_00848,Wholesale,11,2018-05-23,Silver
849,Customer_00849,Retail,9,2019-04-16,Bronze
850,Customer_00850,SME,4,2020-01-21,Platinum
851,Customer_00851,Retail,9,2021-03-22,Platinum
852,Customer_00852,Retail,14,2020-08-07,Silver
853,Customer_00853,SME,17,2018-07-08,Gold
854,Customer_00854,SME,3,2021-02-11,Silver
855,Customer_00855,Retail,22,2019-04-23,Bronze
856,Customer_00856,Retail,22,2020-01-05,Bronze
857,Customer_00857,Enterprise,18,2020-09-07,Bronze
858,Customer_00858,SME,24,2019-01-23,Bronze
859,Customer_00859,Retail,11,2020-07-07,Bronze
860,Customer_00860,Wholesale,21,2020-10-28,Bronze
861,Customer_00861,Enterprise,19,2019-10-31,Bronze
862,Customer_00862,enterprise,15,2018-11-22,Platinum
863,Customer_00863,Enterprise,5,2018-06-15,Bronze
864,Customer_00864,Wholesale,14,2019-06-02,Bronze
865,Customer_00865,Retail,23,2019-04-15,Silver
866,Customer_00866,SME,25,2018-10-08,Silver
867,Customer_00867,SME,12,2020-11-24,Silver
868,Customer_00868,Enterprise,7,2020-12-21,Bronze
869,Customer_00869,Retail,19,2020-01-07,Silver
870,Customer_00870,Retail,2,2019-05-31,Silver
871,Customer_00871,Enterprise,4,2019-05-09,Silver
872,Customer_00872,Retail,15,2021-05-16,Silver
873,Customer_00873,SME,25,2018-10-19,Silver
874,Customer_00874,Retail,9,2020-07-05,Silver
875,Customer_00875,Enterprise,12,2018-05-27,Bronze
876,Customer_00876,SME,9,2019-01-11,Silver
877,Customer_00877,Retail,12,2017-12-19,Bronze
878,Customer_00878,Retail,1,2019-05-30,Bronze
879,Customer_00879,Wholesale,15,2019-11-02,Silver
880,Customer_00880,wholesale,15,2021-03-26,Bronze
881,Customer_00881,Retail,8,2020-05-14,Bronze
882,Customer_00882,wholesale,7,2018-06-24,Silver
883,Customer_00883,SME,20,2020-06-07,Silver
884,Customer_00884,Retail,5,2021-10-13,Gold
885,Customer_00885,Retail,2,2020-12-30,Platinum
886,Customer_00886,Retail,2,2019-07-24,Platinum
887,Customer_00887,Retail,23,2019-06-03,Silver
888,Customer_00888,Retail,10,2017-12-18,Bronze
889,Customer_00889,Retail,3,2018-03-03,Silver
890,Customer_00890,Wholesale,22,2019-10-27,Silver
891,Customer_00891,Retail,4,2019-09-23,Silver
892,Customer_00892,SME,9,2018-09-18,Bronze
893,Customer_00893,Retail,1,2021-10-21,Bronze
894,Customer_00894,Retail,17,2019-07-24,Bronze
895,Customer_00895,Enterprise,18,2020-01-21,Bronze
896,Customer_00896,sme,19,2018-10-15,Bronze
897,Customer_00897,Retail,7,2018-09-19,Platinum
898,Customer_00898,Retail,9,2019-04-24,Bronze
899,Customer_00899,Retail,24,2019-04-22,Silver
900,Customer_00900,Wholesale,21,2019-03-02,Platinum
901,Customer_00901,Retail,1,2019-08-15,Silver
902,Customer_00902,Retail,18,2021-01-25,Silver
903,Customer_00903,Retail,21,2020-11-01,Silver
904,Customer_00904,Retail,14,2018-12-16,Bronze
905,Customer_00905,SME,16,2019-06-19,Silver
906,Customer_00906,Wholesale,1,2021-01-10,Gold
907,Customer_00907,Retail,1,2018-05-26,Gold
908,Customer_00908,Retail,1,2017-12-23,Gold
909,Customer_00909,Retail,4,2019-06-07,Platinum
910,Customer_00910,Retail,25,2021-01-25,Silver
911,Customer_00911,Enterprise,16,2018-02-24,Gold
912,Customer_00912,SME,20,2021-01-11,Silver
913,Customer_00913,SME,8,2020-03-24,Silver
914,Customer_00914,SME,24,2018-06-23,Gold
915,Customer_00915,SME,5,2019-11-12,Gold
916,Customer_00916,SME,23,2021-01-02,Gold
917,Customer_00917,Retail,1,2021-09-03,Bronze
918,Customer_00918,Retail,1,2020-07-09,Silver
919,Customer_00919,Retail,2,2019-03-30,Bronze
920,Customer_00920,Wholesale,20,2019-01-26,Silver
921,Customer_00921,Retail,7,2021-02-01,Gold
922,Customer_00922,SME,12,2021-05-08,Gold
923,Customer_00923,wholesale,12,2019-02-14,Silver
924,Customer_00924,Wholesale,20,2021-05-08,Silver
925,Customer_00925,Retail,9,2021-09-27,Bronze
926,Customer_00926,Retail,1,2020-01-03,Bronze
927,Customer_00927,Retail,10,2019-08-29,Bronze
928,Customer_00928,SME,8,2021-01-01,Platinum
929,Customer_00929,Wholesale,19,2021-02-19,Bronze
930,Customer_00930,Enterprise,19,2021-01-13,Platinum
931,Customer_00931,Retail,3,2020-08-05,Bronze
932,Customer_00932,Retail,20,2021-12-19,Gold
933,Customer_00933,Retail,2,2021-12-15,Silver
934,Customer_00934,Enterprise,16,2020-06-25,Silver
935,Customer_00935,Enterprise,10,2021-12-03,Silver
936,Customer_00936,Retail,8,2020-09-11,Gold
937,Customer_00937,SME,13,2019-08-14,Platinum
938,Customer_00938,retail,8,2021-11-16,Silver
939,Customer_00939,SME,20,2019-06-20,Bronze
940,Customer_00940,Retail,25,2019-06-15,Bronze
941,Customer_00941,Retail,21,2019-08-25,Gold
942,Customer_00942,SME,11,2019-06-07,Silver
943,Customer_00943,Retail,13,2018-09-06,Silver
944,Customer_00944,Retail,12,2021-09-17,Silver
945,Customer_00945,Retail,20,2021-04-23,Silver
946,Customer_00946,Retail,14,2020-09-13,Gold
947,Customer_00947,Enterprise,12,2019-03-06,Gold
948,Customer_00948,SME,11,2018-06-02,Gold
949,Customer_00949,SME,10,2018-03-26,Gold
950,Customer_00950,Retail,14,2019-08-12,Gold
951,Customer_00951,Wholesale,18,2020-04-26,Silver
952,Customer_00952,Retail,11,2020-04-24,Platinum
953,Customer_00953,Retail,21,2021-10-04,Bronze
954,Customer_00954,Retail,21,2020-02-04,Silver
955,Customer_00955,SME,11,2019-11-24,Gold
956,Customer_00956,SME,23,2021-02-23,Silver
957,Customer_00957,Enterprise,5,2018-11-07,Bronze
958,Customer_00958,Wholesale,24,2018-09-02,Silver
959,Customer_00959,Retail,8,2020-10-05,Silver
960,Customer_00960,Wholesale,15,2018-04-01,Platinum
961,Customer_00961,Wholesale,8,2021-07-25,Silver
962,Customer_00962,Retail,12,2018-04-07,Bronze
963,Customer_00963,Retail,9,2018-11-06,Silver
964,Customer_00964,Retail,18,2021-01-31,Silver
965,Customer_00965,SME,3,2019-05-02,Bronze
966,Customer_00966,Retail,21,2020-09-22,Silver
967,Customer_00967,SME,23,2018-09-20,Silver
968,Customer_00968,Retail,15,2021-05-06,Bronze
969,Customer_00969,Wholesale,14,2020-12-30,Silver
970,Customer_00970,Retail,18,2020-09-28,Silver
971,Customer_00971,Retail,5,2021-03-08,Gold
972,Customer_00972,Retail,19,2020-08-20,Silver
973,Customer_00973,Retail,6,2019-07-13,Bronze
974,Customer_00974,SME,17,2019-05-28,Platinum
975,Customer_00975,Retail,8,2019-09-24,Silver
976,Customer_00976,Wholesale,19,2021-03-23,Bronze
977,Customer_00977,Retail,20,2021-03-04,Gold
978,Customer_00978,Retail,6,2018-03-24,Bronze
979,Customer_00979,Wholesale,16,2020-12-20,Gold
980,Customer_00980,Retail,13,2021-07-31,Gold
981,Customer_00981,SME,8,2020-02-21,Platinum
982,Customer_00982,sme,15,2021-12-22,Platinum
983,Customer_00983,Enterprise,25,2020-08-06,Bronze
984,Customer_00984,Retail,1,2018-06-29,Gold
985,Customer_00985,Retail,24,2020-11-26,Bronze
986,Customer_00986,SME,22,2019-02-11,Silver
987,Customer_00987,Retail,14,2019-12-29,Silver
988,Customer_00988,Retail,16,2020-07-17,Bronze
989,Customer_00989,Retail,10,2019-04-15,Bronze
990,Customer_00990,Enterprise,4,2019-07-23,Bronze
991,Customer_00991,Wholesale,15,2020-09-11,Bronze
992,Customer_00992,Enterprise,21,2021-01-31,Bronze
993,Customer_00993,Enterprise,6,2018-03-28,Platinum
994,Customer_00994,Retail,18,2021-04-24,Silver
995,Customer_00995,SME,19,2018-01-23,Gold
996,Customer_00996,Retail,19,2020-01-26,Gold
997,Customer_00997,Wholesale,9,2017-11-28,Gold
998,Customer_00998,Retail,10,2020-07-21,Silver
999,Customer_00999,SME,11,2019-09-06,Gold
1000,Customer_01000,retail,22,2019-06-24,Gold
1001,Customer_01001,Retail,23,2020-08-11,Gold
1002,Customer_01002,Retail,11,2021-02-08,Platinum
1003,Customer_01003,Retail,25,2019-11-13,Silver
1004,Customer_01004,Retail,15,2019-04-13,Silver
1005,Customer_01005,Wholesale,10,2020-12-05,Gold
1006,Customer_01006,Retail,1,2018-11-08,Silver
1007,Customer_01007,SME,16,2019-05-19,Gold
1008,Customer_01008,Retail,17,2021-04-27,Bronze
1009,Customer_01009,Enterprise,25,2018-02-24,Bronze
1010,Customer_01010,Retail,18,2021-10-28,Silver
1011,Customer_01011,Wholesale,1,2019-04-27,Bronze
1012,Customer_01012,Wholesale,15,2020-03-13,Platinum
1013,Customer_01013,Retail,19,2019-04-27,Bronze
1014,Customer_01014,SME,13,2018-10-28,Gold
1015,Customer_01015,Retail,11,2019-03-08,Bronze
1016,Customer_01016,Retail,21,2019-05-01,Platinum
1017,Customer_01017,Wholesale,16,2018-07-20,Silver
1018,Customer_01018,SME,18,2019-02-14,Bronze
1019,Customer_01019,Retail,12,2018-08-30,Bronze
1020,Customer_01020,Retail,7,2020-05-07,Silver
1021,Customer_01021,SME,13,2021-03-03,Platinum
1022,Customer_01022,Enterprise,24,2021-01-14,Platinum
1023,Customer_01023,SME,16,2019-06-28,Bronze
1024,Customer_01024,Wholesale,18,2019-10-27,Silver
1025,Customer_01025,Wholesale,4,2021-09-08,Bronze
1026,Customer_01026,Retail,25,2021-03-01,Silver
1027,Customer_01027,SME,7,2018-01-11,Silver
1028,Customer_01028,Retail,25,2019-01-08,Bronze
1029,Customer_01029,Enterprise,12,2018-11-26,Silver
1030,Customer_01030,Retail,23,2021-03-12,Gold
1031,Customer_01031,Wholesale,23,2021-09-27,Bronze
1032,Customer_01032,Enterprise,19,2020-10-22,Bronze
1033,Customer_01033,Wholesale,23,2018-06-26,Bronze
1034,Customer_01034,SME,16,2019-12-04,Bronze
1035,Customer_01035,Retail,22,2018-10-13,Bronze
1036,Customer_01036,Wholesale,5,2020-01-02,Silver
1037,Customer_01037,Retail,2,2019-12-28,Bronze
1038,Customer_01038,Retail,14,2019-07-15,Gold
1039,Customer_01039,Retail,21,2018-01-24,Gold
1040,Customer_01040,Retail,20,2020-03-16,Platinum
1041,Customer_01041,Retail,14,2019-07-23,Silver
1042,Customer_01042,Wholesale,14,2018-03-24,Bronze
1043,Customer_01043,Wholesale,16,2020-06-22,Bronze
1044,Customer_01044,Wholesale,22,2018-07-22,Bronze
1045,Customer_01045,Retail,22,2019-10-22,Platinum
1046,Customer_01046,Retail,3,2018-05-24,Platinum
1047,Customer_01047,Retail,15,2020-01-31,Silver
1048,Customer_01048,Enterprise,10,2019-06-02,Bronze
1049,Customer_01049,SME,20,2020-09-04,Silver
1050,Customer_01050,Retail,13,2019-05-25,Bronze
1051,Customer_01051,Wholesale,25,2020-08-30,Platinum
1052,Customer_01052,Retail,11,2019-07-03,Bronze
1053,Customer_01053,Retail,17,2018-10-06,Silver
1054,Customer_01054,Retail,3,2020-03-20,Silver
1055,Customer_01055,Retail,24,2020-03-29,Bronze
1056,Customer_01056,Wholesale,4,2020-09-05,Silver
1057,Customer_01057,SME,10,2019-01-02,Gold
1058,Customer_01058,Retail,21,2019-07-28,Bronze
1059,Customer_01059,Wholesale,25,2019-11-19,Silver
1060,Customer_01060,Enterprise,13,2021-11-24,Silver
1061,Customer_01061,SME,13,2021-07-20,Bronze
1062,Customer_01062,Wholesale,2,2021-12-21,Bronze
1063,Customer_01063,Retail,25,2018-07-06,Bronze
1064,Customer_01064,Wholesale,1,2018-07-04,Bronze
1065,Customer_01065,Retail,1,2021-09-22,Silver
1066,Customer_01066,SME,12,2021-10-24,Gold
1067,Customer_01067,Retail,1,2018-10-17,Gold
1068,Customer_01068,Wholesale,5,2019-11-06,Platinum
1069,Customer_01069,Retail,16,2020-09-25,Silver
1070,Customer_01070,Retail,18,2019-06-24,Gold
1071,Customer_01071,sme,8,2021-01-12,Silver
1072,Customer_01072,Wholesale,20,2021-03-10,Bronze
1073,Customer_01073,Retail,16,2020-06-29,Bronze
1074,Customer_01074,SME,6,2018-04-29,Silver
1075,Customer_01075,SME,18,2018-11-08,Gold
1076,Customer_01076,Retail,15,2021-03-22,Silver
1077,Customer_01077,Wholesale,21,2019-09-12,Bronze
1078,Customer_01078,retail,4,2018-05-16,Platinum
1079,Customer_01079,Wholesale,6,2018-02-04,Bronze
1080,Customer_01080,Retail,8,2018-11-14,Platinum
1081,Customer_01081,Retail,9,2021-06-22,Gold
1082,Customer_01082,SME,23,2021-01-05,Gold
1083,Customer_01083,SME,19,2021-02-08,Gold
1084,Customer_01084,SME,14,2021-05-20,Bronze
1085,Customer_01085,SME,14,2021-04-14,Silver
1086,Customer_01086,Enterprise,23,2020-09-14,Gold
1087,Customer_01087,Enterprise,12,2019-09-21,Gold
1088,Customer_01088,Enterprise,6,2020-05-15,Bronze
1089,Customer_01089,Retail,4,2020-04-10,Bronze
1090,Customer_01090,Retail,9,2020-12-29,Bronze
1091,Customer_01091,Retail,17,2021-05-20,Silver
1092,Customer_01092,Wholesale,12,2017-11-25,Silver
1093,Customer_01093,Retail,11,2019-07-18,Gold
1094,Customer_01094,retail,13,2021-01-22,Gold
1095,Customer_01095,Wholesale,25,2018-09-05,Silver
1096,Customer_01096,Retail,25,2018-08-05,Bronze
1097,Customer_01097,Retail,5,2018-01-12,Silver
1098,Customer_01098,SME,3,2021-05-08,Bronze
1099,Customer_01099,SME,7,2019-05-18,Bronze
1100,Customer_01100,Retail,22,2017-12-23,Bronze
1101,Customer_01101,Retail,12,2018-09-09,Bronze
1102,Customer_01102,Retail,22,2021-01-28,Bronze
1103,Customer_01103,Enterprise,17,2018-05-03,Silver
1104,Customer_01104,SME,14,2020-04-09,Bronze
1105,Customer_01105,Retail,8,2019-12-30,Bronze
1106,Customer_01106,Enterprise,9,2019-09-17,Bronze
1107,Customer_01107,Retail,4,2018-11-01,Silver
1108,Customer_01108,Retail,13,2021-07-05,Silver
1109,Customer_01109,SME,8,2019-10-16,Bronze
1110,Customer_01110,Retail,8,2018-08-25,Bronze
1111,Customer_01111,Retail,1,2019-10-02,Platinum
1112,Customer_01112,Retail,20,2020-11-15,Silver
1113,Customer_01113,Wholesale,24,2021-10-09,Silver
1114,Customer_01114,SME,13,2019-10-01,Silver
1115,Customer_01115,SME,14,2019-02-11,Gold
1116,Customer_01116,Retail,24,2019-09-30,Gold
1117,Customer_01117,Retail,13,2017-12-24,Silver
1118,Customer_01118,Enterprise,16,2019-07-13,Silver
1119,Customer_01119,Retail,11,2019-12-01,Bronze
1120,Customer_01120,SME,13,2021-10-10,Silver
1121,Customer_01121,Wholesale,14,2019-09-17,Silver
1122,Customer_01122,Retail,18,2021-04-24,Bronze
1123,Customer_01123,SME,16,2019-01-10,Platinum
1124,Customer_01124,Retail,13,2021-05-05,Gold
1125,Customer_01125,Retail,2,2018-04-12,Bronze
1126,Customer_01126,Wholesale,23,2020-10-05,Platinum
1127,Customer_01127,Wholesale,23,2020-03-22,Bronze
1128,Customer_01128,Wholesale,5,2021-05-29,Silver
1129,Customer_01129,Wholesale,8,2021-02-19,Gold
1130,Customer_01130,SME,25,2018-03-21,Bronze
1131,Customer_01131,SME,9,2020-11-02,Silver
1132,Customer_01132,Wholesale,21,2019-11-24,Silver
1133,Customer_01133,Retail,20,2017-12-21,Bronze
1134,Customer_01134,Enterprise,22,2019-06-11,Silver
1135,Customer_01135,SME,1,2021-10-31,Bronze
1136,Customer_01136,Retail,13,2020-07-14,Silver
1137,Customer_01137,Retail,15,2020-05-31,Bronze
1138,Customer_01138,Retail,21,2020-11-13,Bronze
1139,Customer_01139,Retail,6,2021-01-05,Gold
1140,Customer_01140,Wholesale,8,2019-12-09,Bronze
1141,Customer_01141,Retail,5,2020-06-15,Silver
1142,Customer_01142,Enterprise,20,2020-10-17,Gold
1143,Customer_01143,SME,25,2020-04-22,Gold
1144,Customer_01144,SME,4,2020-08-04,Bronze
1145,Customer_01145,Retail,6,2021-01-23,Gold
1146,Customer_01146,Retail,8,2020-02-22,Gold
1147,Customer_01147,Enterprise,23,2018-02-18,Bronze
1148,Customer_01148,SME,12,2019-12-05,Gold
1149,Customer_01149,Retail,8,2019-07-20,Gold
1150,Customer_01150,SME,9,2017-12-17,Silver
1151,Customer_01151,Retail,15,2019-06-26,Silver
1152,Customer_01152,SME,10,2021-02-01,Gold
1153,Customer_01153,Retail,4,2020-05-14,Platinum
1154,Customer_01154,Retail,21,2020-01-01,Silver
1155,Customer_01155,wholesale,11,2020-01-20,Gold
1156,Customer_01156,Retail,7,2021-05-22,Gold
1157,Customer_01157,Retail,19,2021-07-27,Gold
1158,Customer_01158,Retail,19,2020-07-26,Platinum
1159,Customer_01159,Retail,4,2018-04-01,Bronze
1160,Customer_01160,Enterprise,2,2019-01-22,Bronze
1161,Customer_01161,Retail,2,2018-07-19,Silver
1162,Customer_01162,Wholesale,20,2021-04-15,Silver
1163,Customer_01163,SME,16,2020-04-20,Silver
1164,Customer_01164,Retail,20,2019-08-13,Gold
1165,Customer_01165,Retail,16,2020-03-21,Platinum
1166,Customer_01166,SME,11,2020-04-16,Silver
1167,Customer_01167,SME,15,2020-07-11,Gold
1168,Customer_01168,Wholesale,19,2021-10-16,Bronze
1169,Customer_01169,SME,10,2018-06-26,Silver
1170,Customer_01170,Retail,23,2018-03-04,Bronze
1171,Customer_01171,Retail,23,2021-09-02,Silver
1172,Customer_01172,Enterprise,21,2020-04-21,Silver
1173,Customer_01173,Retail,25,2019-11-17,Gold
1174,Customer_01174,Enterprise,10,2018-10-14,Silver
1175,Customer_01175,Wholesale,3,2017-12-13,Silver
1176,Customer_01176,Enterprise,13,2020-04-17,Bronze
1177,Customer_01177,Retail,19,2018-12-05,Bronze
1178,Customer_01178,Retail,20,2018-02-25,Platinum
1179,Customer_01179,Retail,10,2018-08-05,Platinum
1180,Customer_01180,Retail,8,2020-10-23,Bronze
1181,Customer_01181,Enterprise,12,2018-08-24,Bronze
1182,Customer_01182,Retail,21,2020-04-23,Silver
1183,Customer_01183,Retail,2,2021-12-06,Silver
1184,Customer_01184,Retail,9,2018-11-20,Silver
1185,Customer_01185,Retail,6,2018-07-28,Bronze
1186,Customer_01186,sme,21,2020-08-04,Silver
1187,Customer_01187,Retail,12,2020-02-25,Bronze
1188,Customer_01188,SME,3,2020-07-04,Bronze
1189,Customer_01189,Retail,7,2021-07-10,Bronze
1190,Customer_01190,Wholesale,2,2017-12-01,Silver
1191,Customer_01191,Retail,12,2021-11-29,Silver
1192,Customer_01192,Retail,25,2019-09-21,Bronze
1193,Customer_01193,SME,15,2021-12-10,Silver
1194,Customer_01194,SME,22,2019-03-04,Silver
1195,Customer_01195,SME,19,2018-04-21,Gold
1196,Customer_01196,Retail,23,2019-05-12,Platinum
1197,Customer_01197,Retail,8,2019-07-07,Bronze
1198,Customer_01198,Wholesale,24,2018-08-09,Gold
1199,Customer_01199,Retail,6,2018-01-01,Gold
1200,Customer_01200,Enterprise,11,2018-06-19,Silver
1201,Customer_01201,Wholesale,18,2021-01-19,Silver
1202,Customer_01202,Wholesale,8,2019-09-10,Bronze
1203,Customer_01203,SME,7,2018-08-22,Bronze
1204,Customer_01204,Enterprise,4,2020-10-17,Platinum
1205,Customer_01205,Retail,1,2019-03-26,Silver
1206,Customer_01206,Retail,13,2021-11-28,Silver
1207,Customer_01207,Wholesale,25,2018-05-27,Silver
1208,Customer_01208,Retail,6,2019-06-25,Bronze
1209,Customer_01209,Retail,12,2018-12-14,Bronze
1210,Customer_01210,Retail,24,2018-08-12,Silver
1211,Customer_01211,Enterprise,20,2021-02-07,Silver
1212,Customer_01212,SME,1,2020-02-26,Gold
1213,Customer_01213,Wholesale,13,2018-06-24,Silver
1214,Customer_01214,Retail,4,2021-04-29,Silver
1215,Customer_01215,Retail,7,2018-08-17,Gold
1216,Customer_01216,Wholesale,7,2020-10-26,Bronze
1217,Customer_01217,Retail,16,2019-08-22,Silver
1218,Customer_01218,Wholesale,5,2019-11-29,Gold
1219,Customer_01219,Wholesale,7,2019-03-09,Bronze
1220,Customer_01220,Retail,6,2018-07-26,Bronze
1221,Customer_01221,Retail,9,2020-07-27,Bronze
1222,Customer_01222,Retail,17,2021-04-19,Bronze
1223,Customer_01223,SME,10,2020-04-07,Silver
1224,Customer_01224,Wholesale,9,2019-06-28,Bronze
1225,Customer_01225,Retail,13,2018-12-03,Silver
1226,Customer_01226,SME,16,2018-11-28,Bronze
1227,Customer_01227,Retail,1,2020-08-10,Bronze
1228,Customer_01228,Retail,23,2018-02-27,Bronze
1229,Customer_01229,SME,23,2021-08-30,Bronze
1230,Customer_01230,Retail,16,2021-07-10,Platinum
1231,Customer_01231,Retail,15,2021-11-25,Bronze
1232,Customer_01232,Wholesale,18,2018-03-14,Bronze
1233,Customer_01233,Retail,12,2021-04-06,Bronze
1234,Customer_01234,Wholesale,10,2019-07-14,Silver
1235,Customer_01235,Retail,9,2018-08-31,Silver
1236,Customer_01236,Retail,4,2018-11-08,Gold
1237,Customer_01237,Retail,22,2018-02-08,Silver
1238,Customer_01238,Retail,9,2021-10-13,Silver
1239,Customer_01239,Retail,8,2020-05-01,Silver
1240,Customer_01240,Retail,25,2019-12-04,Gold
1241,Customer_01241,SME,13,2019-02-22,Silver
1242,Customer_01242,Retail,16,2019-06-13,Bronze
1243,Customer_01243,Retail,7,2019-09-15,Gold
1244,Customer_01244,Retail,7,2020-09-28,Gold
1245,Customer_01245,Retail,19,2021-07-26,Silver
1246,Customer_01246,Retail,12,2020-03-25,Platinum
1247,Customer_01247,Wholesale,4,2020-12-08,Gold
1248,Customer_01248,Retail,21,2019-09-23,Bronze
1249,Customer_01249,SME,11,2018-09-24,Gold
1250,Customer_01250,SME,17,2019-09-26,Silver
1251,Customer_01251,Retail,9,2019-08-11,Silver
1252,Customer_01252,Retail,15,2021-10-31,Silver
1253,Customer_01253,Retail,20,2019-05-11,Gold
1254,Customer_01254,Wholesale,23,2020-03-13,Silver
1255,Customer_01255,Retail,6,2021-06-30,Silver
1256,Customer_01256,SME,17,2021-02-15,Bronze
1257,Customer_01257,Enterprise,23,2018-10-18,Silver
1258,Customer_01258,SME,17,2018-03-28,Platinum
1259,Customer_01259,Wholesale,4,2019-12-02,Gold
1260,Customer_01260,SME,5,2017-12-29,Bronze
1261,Customer_01261,Retail,6,2021-04-06,Gold
1262,Customer_01262,Retail,3,2020-10-09,Gold
1263,Customer_01263,Retail,19,2018-03-08,Silver
1264,Customer_01264,SME,25,2021-04-14,Bronze
1265,Customer_01265,Wholesale,13,2019-04-18,Silver
1266,Customer_01266,SME,15,2021-02-06,Bronze
1267,Customer_01267,Retail,20,2020-08-23,Bronze
1268,Customer_01268,SME,11,2020-01-16,Silver
1269,Customer_01269,Retail,12,2020-07-11,Platinum
1270,Customer_01270,Retail,15,2018-05-31,Silver
1271,Customer_01271,SME,8,2018-01-03,Gold
1272,Customer_01272,Retail,2,2019-12-13,Platinum
1273,Customer_01273,Retail,15,2019-11-06,Bronze
1274,Customer_01274,Wholesale,21,2021-10-10,Bronze
1275,Customer_01275,Retail,2,2021-01-15,Gold
1276,Customer_01276,Retail,6,2021-11-03,Gold
1277,Customer_01277,Retail,7,2018-06-27,Silver
1278,Customer_01278,Retail,21,2021-01-25,Silver
1279,Customer_01279,SME,13,2020-08-09,Silver
1280,Customer_01280,Wholesale,14,2018-07-17,Gold
1281,Customer_01281,Retail,17,2019-01-28,Gold
1282,Customer_01282,Retail,7,2019-06-14,Bronze
1283,Customer_01283,retail,18,2021-11-05,Bronze
1284,Customer_01284,Wholesale,1,2019-09-10,Bronze
1285,Customer_01285,SME,3,2019-09-13,Platinum
1286,Customer_01286,SME,21,2020-09-10,Platinum
1287,Customer_01287,Retail,17,2018-12-11,Gold
1288,Customer_01288,Retail,5,2018-03-09,Bronze
1289,Customer_01289,Retail,11,2020-12-09,Silver
1290,Customer_01290,Wholesale,2,2020-08-23,Bronze
1291,Customer_01291,Retail,17,2020-09-05,Silver
1292,Customer_01292,Wholesale,19,2018-07-29,Bronze
1293,Customer_01293,Wholesale,7,2021-09-07,Gold
1294,Customer_01294,Retail,9,2018-04-29,Bronze
1295,Customer_01295,Retail,6,2018-10-27,Silver
1296,Customer_01296,Retail,10,2020-01-07,Platinum
1297,Customer_01297,Retail,7,2019-08-10,Silver
1298,Customer_01298,Retail,7,2018-05-01,Bronze
1299,Customer_01299,Enterprise,11,2018-11-04,Platinum
1300,Customer_01300,Retail,22,2020-11-12,Silver
1301,Customer_01301,Retail,20,2021-10-18,Silver
1302,Customer_01302,Wholesale,8,2019-04-20,Silver
1303,Customer_01303,Enterprise,24,2021-05-28,Gold
1304,Customer_01304,Retail,6,2021-08-23,Silver
1305,Customer_01305,SME,23,2017-12-20,Silver
1306,Customer_01306,SME,8,2020-01-22,Silver
1307,Customer_01307,Wholesale,14,2019-05-01,Bronze
1308,Customer_01308,Wholesale,6,2021-02-10,Gold
1309,Customer_01309,Retail,20,2021-08-02,Bronze
1310,Customer_01310,SME,8,2021-09-29,Silver
1311,Customer_01311,Retail,22,2020-07-19,Silver
1312,Customer_01312,SME,3,2021-12-27,Bronze
1313,Customer_01313,Wholesale,13,2020-04-11,Silver
1314,Customer_01314,Retail,4,2020-09-01,Silver
1315,Customer_01315,Retail,23,2019-11-03,Bronze
1316,Customer_01316,wholesale,11,2019-08-01,Bronze
1317,Customer_01317,Wholesale,17,2020-09-26,Gold
1318,Customer_01318,Retail,22,2020-02-19,Platinum
1319,Customer_01319,Enterprise,14,2021-09-06,Silver
1320,Customer_01320,SME,2,2020-10-06,Bronze
1321,Customer_01321,Retail,6,2017-12-26,Bronze
1322,Customer_01322,Retail,6,2017-12-07,Bronze
1323,Customer_01323,Retail,23,2020-01-04,Silver
1324,Customer_01324,Enterprise,23,2018-02-22,Platinum
1325,Customer_01325,Retail,12,2019-12-12,Gold
1326,Customer_01326,SME,23,2021-06-27,Bronze
1327,Customer_01327,Retail,7,2018-06-10,Platinum
1328,Customer_01328,Wholesale,17,2020-04-19,Silver
1329,Customer_01329,Retail,10,2019-06-28,Bronze
1330,Customer_01330,Retail,7,2019-05-04,Silver
1331,Customer_01331,Enterprise,7,2020-09-26,Bronze
1332,Customer_01332,Retail,11,2018-12-28,Gold
1333,Customer_01333,Wholesale,9,2019-12-12,Silver
1334,Customer_01334,SME,6,2020-07-01,Silver
1335,Customer_01335,SME,9,2020-10-12,Silver
1336,Customer_01336,SME,4,2018-12-09,Platinum
1337,Customer_01337,Retail,25,2020-12-23,Silver
1338,Customer_01338,Wholesale,10,2021-06-29,Silver
1339,Customer_01339,SME,3,2018-05-20,Bronze
1340,Customer_01340,Retail,15,2020-08-22,Platinum
1341,Customer_01341,Retail,23,2019-05-16,Silver
1342,Customer_01342,SME,9,2019-01-23,Bronze
1343,Customer_01343,Retail,22,2018-07-24,Gold
1344,Customer_01344,Wholesale,16,2019-06-08,Bronze
1345,Customer_01345,SME,19,2019-02-05,Bronze
1346,Customer_01346,Wholesale,8,2018-07-26,Silver
1347,Customer_01347,Retail,1,2018-02-16,Bronze
1348,Customer_01348,Retail,9,2021-10-23,Silver
1349,Customer_01349,Retail,24,2018-12-14,Bronze
1350,Customer_01350,Retail,20,2021-04-15,Bronze
1351,Customer_01351,Enterprise,20,2018-05-06,Bronze
1352,Customer_01352,SME,22,2021-10-21,Bronze
1353,Customer_01353,Retail,10,2020-12-27,Platinum
1354,Customer_01354,Retail,9,2021-03-19,Silver
1355,Customer_01355,SME,24,2019-07-11,Silver
1356,Customer_01356,Retail,15,2021-12-26,Silver
1357,Customer_01357,Wholesale,8,2021-12-07,Gold
1358,Customer_01358,Retail,7,2019-12-07,Bronze
1359,Customer_01359,Wholesale,22,2018-01-05,Bronze
1360,Customer_01360,Retail,2,2019-11-01,Silver
1361,Customer_01361,Wholesale,2,2020-03-04,Silver
1362,Customer_01362,Retail,19,2019-04-21,Gold
1363,Customer_01363,Wholesale,1,2019-09-27,Gold
1364,Customer_01364,Retail,5,2020-06-03,Gold
1365,Customer_01365,Retail,25,2019-08-03,Bronze
1366,Customer_01366,Wholesale,11,2021-12-28,Bronze
1367,Customer_01367,Retail,19,2020-12-31,Bronze
1368,Customer_01368,Retail,13,2019-03-28,Gold
1369,Customer_01369,Retail,3,2020-08-07,Platinum
1370,Customer_01370,Retail,5,2021-10-12,Platinum
1371,Customer_01371,Retail,20,2021-06-29,Bronze
1372,Customer_01372,SME,3,2018-06-12,Gold
1373,Customer_01373,Retail,15,2020-08-25,Silver
1374,Customer_01374,sme,9,2021-11-29,Gold
1375,Customer_01375,SME,10,2019-01-04,Silver
1376,Customer_01376,Retail,24,2019-10-29,Bronze
1377,Customer_01377,Wholesale,16,2020-02-24,Bronze
1378,Customer_01378,SME,16,2018-04-30,Platinum
1379,Customer_01379,wholesale,9,2020-09-18,Silver
1380,Customer_01380,Retail,10,2019-08-27,Silver
1381,Customer_01381,Retail,18,2018-12-11,Silver
1382,Customer_01382,Retail,1,2019-07-04,Silver
1383,Customer_01383,Wholesale,6,2021-02-24,Platinum
1384,Customer_01384,SME,16,2019-03-16,Bronze
1385,Customer_01385,SME,16,2018-12-13,Bronze
1386,Customer_01386,Retail,3,2021-07-02,Gold
1387,Customer_01387,Enterprise,20,2021-04-28,Silver
1388,Customer_01388,Retail,14,2019-03-26,Bronze
1389,Customer_01389,SME,6,2021-07-07,Bronze
1390,Customer_01390,Retail,19,2018-05-22,Bronze
1391,Customer_01391,SME,25,2021-07-21,Bronze
1392,Customer_01392,SME,11,2018-01-01,Bronze
1393,Customer_01393,Retail,8,2019-03-31,Bronze
1394,Customer_01394,Retail,8,2020-03-08,Gold
1395,Customer_01395,SME,15,2020-11-25,Gold
1396,Customer_01396,Retail,2,2020-08-03,Gold
1397,Customer_01397,Wholesale,13,2018-12-06,Silver
1398,Customer_01398,SME,1,2018-11-29,Bronze
1399,Customer_01399,Wholesale,1,2021-02-23,Platinum
1400,Customer_01400,Retail,11,2019-10-10,Gold
1401,Customer_01401,Retail,19,2017-12-04,Silver
1402,Customer_01402,Retail,23,2020-12-12,Bronze
1403,Customer_01403,SME,3,2019-02-26,Bronze
1404,Customer_01404,Retail,7,2021-04-18,Silver
1405,Customer_01405,Retail,11,2018-07-30,Silver
1406,Customer_01406,Retail,15,2021-04-21,Bronze
1407,Customer_01407,SME,25,2020-10-12,Platinum
1408,Customer_01408,Retail,18,2020-02-13,Silver
1409,Customer_01409,SME,14,2020-06-25,Silver
1410,Customer_01410,Enterprise,2,2021-04-21,Bronze
1411,Customer_01411,SME,3,2019-05-16,Gold
1412,Customer_01412,SME,4,2021-12-03,Gold
1413,Customer_01413,SME,17,2017-12-18,Bronze
1414,Customer_01414,SME,9,2021-10-15,Silver
1415,Customer_01415,Retail,7,2020-08-19,Silver
1416,Customer_01416,Enterprise,17,2018-03-09,Gold
1417,Customer_01417,Wholesale,21,2021-05-14,Bronze
1418,Customer_01418,Wholesale,11,2021-09-14,Gold
1419,Customer_01419,SME,23,2018-12-13,Silver
1420,Customer_01420,SME,19,2021-09-14,Bronze
1421,Customer_01421,Enterprise,18,2018-04-23,Bronze
1422,Customer_01422,Retail,22,2020-02-25,Bronze
1423,Customer_01423,Retail,5,2018-06-08,Bronze
1424,Customer_01424,Retail,19,2020-12-30,Silver
1425,Customer_01425,Retail,24,2021-06-04,Gold
1426,Customer_01426,retail,25,2018-01-18,Bronze
1427,Customer_01427,Retail,15,2018-11-15,Platinum
1428,Customer_01428,Retail,19,2018-04-06,Bronze
1429,Customer_01429,Enterprise,23,2020-09-09,Silver
1430,Customer_01430,Retail,22,2020-05-04,Platinum
1431,Customer_01431,SME,23,2019-08-20,Gold
1432,Customer_01432,Wholesale,21,2020-02-28,Silver
1433,Customer_01433,Retail,10,2021-01-03,Gold
1434,Customer_01434,Retail,19,2020-06-18,Bronze
1435,Customer_01435,Retail,11,2019-07-03,Bronze
1436,Customer_01436,SME,21,2021-11-06,Silver
1437,Customer_01437,retail,21,2020-08-16,Bronze
1438,Customer_01438,Wholesale,24,2020-10-19,Silver
1439,Customer_01439,SME,15,2021-09-18,Bronze
1440,Customer_01440,SME,12,2021-07-01,Platinum
1441,Customer_01441,Retail,5,2019-12-20,Gold
1442,Customer_01442,retail,16,2021-08-01,Gold
1443,Customer_01443,Retail,15,2020-08-02,Gold
1444,Customer_01444,Retail,13,2019-09-13,Bronze
1445,Customer_01445,Retail,17,2018-06-01,Bronze
1446,Customer_01446,Wholesale,22,2021-08-06,Silver
1447,Customer_01447,SME,4,2020-03-21,Silver
1448,Customer_01448,Wholesale,11,2021-07-31,Silver
1449,Customer_01449,Wholesale,19,2020-03-30,Silver
1450,Customer_01450,Retail,21,2020-01-12,Silver
1451,Customer_01451,SME,20,2018-09-21,Bronze
1452,Customer_01452,Wholesale,20,2020-03-09,Bronze
1453,Customer_01453,SME,22,2018-02-28,Silver
1454,Customer_01454,SME,25,2021-06-09,Silver
1455,Customer_01455,Retail,16,2021-10-14,Platinum
1456,Customer_01456,Retail,7,2021-12-26,Silver
1457,Customer_01457,Retail,15,2020-07-15,Gold
1458,Customer_01458,Retail,18,2021-03-18,Gold
1459,Customer_01459,SME,3,2021-08-17,Bronze
1460,Customer_01460,Retail,19,2021-01-13,Silver
1461,Customer_01461,Enterprise,14,2017-12-31,Silver
1462,Customer_01462,Wholesale,24,2018-09-19,Silver
1463,Customer_01463,Retail,6,2021-12-05,Bronze
1464,Customer_01464,Retail,23,2018-03-30,Platinum
1465,Customer_01465,Wholesale,12,2021-02-28,Platinum
1466,Customer_01466,Wholesale,15,2020-05-03,Bronze
1467,Customer_01467,Retail,17,2020-08-28,Bronze
1468,Customer_01468,Retail,15,2020-05-04,Bronze
1469,Customer_01469,Enterprise,23,2018-11-17,Gold
1470,Customer_01470,Retail,5,2019-01-29,Silver
1471,Customer_01471,SME,19,2019-07-25,Bronze
1472,Customer_01472,Retail,25,2019-06-06,Gold
1473,Customer_01473,Retail,6,2019-01-06,Silver
1474,Customer_01474,Retail,7,2021-03-31,Silver
1475,Customer_01475,Wholesale,12,2020-05-18,Silver
1476,Customer_01476,Wholesale,19,2021-07-24,Silver
1477,Customer_01477,Retail,24,2019-02-10,Silver
1478,Customer_01478,SME,20,2020-03-16,Bronze
1479,Customer_01479,Retail,20,2019-05-22,Silver
1480,Customer_01480,Retail,12,2019-09-07,Platinum
1481,Customer_01481,Retail,17,2020-11-17,Silver
1482,Customer_01482,Retail,6,2021-06-07,Platinum
1483,Customer_01483,Wholesale,12,2018-01-03,Silver
1484,Customer_01484,Retail,5,2020-10-19,Gold
1485,Customer_01485,Wholesale,1,2021-07-21,Bronze
1486,Customer_01486,Retail,22,2020-09-30,Gold
1487,Customer_01487,SME,21,2018-04-19,Bronze
1488,Customer_01488,Retail,13,2020-12-06,Bronze
1489,Customer_01489,SME,1,2017-12-13,Bronze
1490,Customer_01490,Retail,3,2020-02-10,Bronze
1491,Customer_01491,Retail,3,2018-06-19,Platinum
1492,Customer_01492,SME,18,2019-04-28,Platinum
1493,Customer_01493,Wholesale,6,2021-10-28,Gold
1494,Customer_01494,Enterprise,7,2019-11-29,Bronze
1495,Customer_01495,Retail,22,2020-04-16,Gold
1496,Customer_01496,Wholesale,22,2021-03-05,Gold
1497,Customer_01497,SME,20,2019-09-30,Bronze
1498,Customer_01498,Wholesale,8,2021-07-31,Silver
1499,Customer_01499,Retail,15,2019-02-19,Silver
1500,Customer_01500,Wholesale,6,2018-08-18,Bronze
1501,Customer_01501,Wholesale,22,2021-08-16,Silver
1502,Customer_01502,SME,3,2020-01-14,Gold
1503,Customer_01503,Retail,19,2019-04-25,Bronze
1504,Customer_01504,Retail,13,2021-09-30,Silver
1505,Customer_01505,SME,19,2020-05-28,Silver
1506,Customer_01506,Wholesale,12,2020-12-10,Gold
1507,Customer_01507,Enterprise,4,2021-11-04,Platinum
1508,Customer_01508,Retail,19,2018-09-13,Gold
1509,Customer_01509,Retail,16,2020-03-05,Silver
1510,Customer_01510,Enterprise,12,2018-12-01,Silver
1511,Customer_01511,Retail,10,2019-08-05,Silver
1512,Customer_01512,Retail,9,2018-05-29,Silver
1513,Customer_01513,Wholesale,13,2017-11-28,Bronze
1514,Customer_01514,Enterprise,7,2019-07-13,Silver
1515,Customer_01515,SME,8,2020-07-22,Gold
1516,Customer_01516,Retail,7,2020-04-07,Silver
1517,Customer_01517,Retail,1,2018-08-12,Gold
1518,Customer_01518,SME,24,2020-04-02,Silver
1519,Customer_01519,Retail,6,2019-11-14,Silver
1520,Customer_01520,Retail,5,2021-03-16,Bronze
1521,Customer_01521,Retail,4,2017-12-08,Bronze
1522,Customer_01522,Wholesale,25,2019-05-01,Silver
1523,Customer_01523,SME,12,2020-08-24,Silver
1524,Customer_01524,Enterprise,9,2019-08-08,Bronze
1525,Customer_01525,Enterprise,11,2020-05-10,Bronze
1526,Customer_01526,Retail,3,2021-05-14,Bronze
1527,Customer_01527,Retail,8,2018-05-30,Gold
1528,Customer_01528,Retail,7,2018-05-14,Gold
1529,Customer_01529,Retail,21,2018-07-29,Silver
1530,Customer_01530,Retail,2,2020-06-28,Bronze
1531,Customer_01531,retail,11,2020-12-13,Bronze
1532,Customer_01532,Retail,20,2021-10-19,Bronze
1533,Customer_01533,Wholesale,21,2018-12-31,Silver
1534,Customer_01534,Enterprise,13,2020-08-28,Bronze
1535,Customer_01535,Retail,6,2018-05-04,Bronze
1536,Customer_01536,Retail,9,2018-06-07,Platinum
1537,Customer_01537,Enterprise,6,2021-06-23,Silver
1538,Customer_01538,Enterprise,17,2018-03-28,Gold
1539,Customer_01539,SME,8,2021-06-05,Bronze
1540,Customer_01540,Retail,16,2019-12-28,Bronze
1541,Customer_01541,SME,17,2020-01-22,Platinum
1542,Customer_01542,Retail,24,2018-01-28,Silver
1543,Customer_01543,Retail,10,2019-04-22,Silver
1544,Customer_01544,Retail,25,2018-05-30,Platinum
1545,Customer_01545,Retail,11,2019-07-23,Silver
1546,Customer_01546,retail,18,2018-08-13,Bronze
1547,Customer_01547,Retail,17,2018-07-03,Silver
1548,Customer_01548,Enterprise,21,2018-06-22,Bronze
1549,Customer_01549,Retail,12,2020-04-24,Bronze
1550,Customer_01550,Retail,20,2020-06-08,Bronze
1551,Customer_01551,Retail,9,2017-12-16,Gold
1552,Customer_01552,Retail,13,2018-11-24,Silver
1553,Customer_01553,retail,13,2018-03-28,Bronze
1554,Customer_01554,Retail,18,2019-08-19,Bronze
1555,Customer_01555,Retail,16,2018-03-10,Silver
1556,Customer_01556,Enterprise,2,2019-01-18,Platinum
1557,Customer_01557,SME,21,2018-12-15,Bronze
1558,Customer_01558,Retail,19,2021-04-10,Bronze
1559,Customer_01559,Wholesale,3,2019-09-04,Gold
1560,Customer_01560,SME,25,2018-12-31,Gold
1561,Customer_01561,SME,17,2018-11-17,Platinum
1562,Customer_01562,Wholesale,3,2018-01-26,Bronze
1563,Customer_01563,SME,13,2020-08-29,Bronze
1564,Customer_01564,SME,21,2020-10-05,Silver
1565,Customer_01565,Enterprise,7,2018-01-08,Bronze
1566,Customer_01566,Retail,24,2017-12-14,Gold
1567,Customer_01567,Retail,11,2021-04-07,Bronze
1568,Customer_01568,Retail,6,2020-06-13,Silver
1569,Customer_01569,Retail,9,2018-02-09,Platinum
1570,Customer_01570,Retail,14,2021-03-08,Platinum
1571,Customer_01571,Retail,18,2018-10-15,Silver
1572,Customer_01572,Wholesale,24,2021-07-17,Platinum
1573,Customer_01573,Wholesale,5,2021-04-09,Bronze
1574,Customer_01574,SME,25,2018-10-12,Silver
1575,Customer_01575,Retail,14,2019-07-05,Bronze
1576,Customer_01576,Retail,4,2019-09-22,Platinum
1577,Customer_01577,Enterprise,24,2018-06-27,Platinum
1578,Customer_01578,SME,9,2020-09-28,Bronze
1579,Customer_01579,SME,16,2019-12-09,Bronze
1580,Customer_01580,SME,18,2019-07-04,Silver
1581,Customer_01581,SME,1,2018-12-19,Bronze
1582,Customer_01582,Retail,6,2020-08-21,Gold
1583,Customer_01583,Retail,18,2019-05-27,Bronze
1584,Customer_01584,Retail,9,2020-02-29,Gold
1585,Customer_01585,Wholesale,1,2019-10-12,Silver
1586,Customer_01586,SME,1,2018-06-18,Silver
1587,Customer_01587,Retail,21,2020-05-21,Bronze
1588,Customer_01588,Wholesale,4,2019-04-05,Platinum
1589,Customer_01589,Retail,3,2018-02-19,Silver
1590,Customer_01590,Retail,15,2018-11-15,Silver
1591,Customer_01591,Retail,3,2017-12-10,Silver
1592,Customer_01592,Retail,17,2019-08-10,Platinum
1593,Customer_01593,SME,14,2020-11-05,Gold
1594,Customer_01594,Retail,17,2017-12-06,Gold
1595,Customer_01595,SME,13,2019-05-11,Silver
1596,Customer_01596,Wholesale,20,2021-01-04,Gold
1597,Customer_01597,Retail,17,2020-09-13,Bronze
1598,Customer_01598,Retail,11,2020-12-04,Gold
1599,Customer_01599,SME,1,2018-07-31,Silver
1600,Customer_01600,Retail,7,2021-08-16,Silver
1601,Customer_01601,SME,4,2018-12-19,Platinum
1602,Customer_01602,Retail,1,2019-09-23,Platinum
1603,Customer_01603,wholesale,7,2021-09-13,Silver
1604,Customer_01604,SME,6,2019-06-26,Silver
1605,Customer_01605,Retail,2,2018-11-29,Gold
1606,Customer_01606,Retail,8,2019-01-09,Platinum
1607,Customer_01607,SME,13,2019-11-01,Gold
1608,Customer_01608,Retail,5,2020-08-16,Bronze
1609,Customer_01609,Retail,7,2021-05-01,Bronze
1610,Customer_01610,Retail,1,2021-12-14,Gold
1611,Customer_01611,Retail,2,2020-07-11,Gold
1612,Customer_01612,Enterprise,4,2019-05-29,Gold
1613,Customer_01613,Enterprise,12,2021-11-06,Silver
1614,Customer_01614,Retail,17,2017-11-25,Silver
1615,Customer_01615,SME,20,2019-08-07,Silver
1616,Customer_01616,Retail,16,2020-10-17,Gold
1617,Customer_01617,Retail,16,2018-01-19,Bronze
1618,Customer_01618,Wholesale,24,2021-04-01,Silver
1619,Customer_01619,SME,7,2018-01-26,Gold
1620,Customer_01620,Retail,20,2020-11-05,Gold
1621,Customer_01621,Retail,24,2020-06-11,Bronze
1622,Customer_01622,Wholesale,15,2020-04-03,Gold
1623,Customer_01623,SME,22,2017-12-01,Bronze
1624,Customer_01624,Retail,4,2020-12-21,Bronze
1625,Customer_01625,Retail,22,2018-01-03,Silver
1626,Customer_01626,Enterprise,15,2020-07-30,Bronze
1627,Customer_01627,Retail,6,2020-10-31,Platinum
1628,Customer_01628,Retail,2,2019-05-20,Platinum
1629,Customer_01629,Retail,18,2019-02-26,Bronze
1630,Customer_01630,Retail,11,2020-08-02,Gold
1631,Customer_01631,Retail,8,2021-06-14,Silver
1632,Customer_01632,SME,10,2020-05-17,Gold
1633,Customer_01633,Wholesale,25,2019-10-14,Gold
1634,Customer_01634,Wholesale,11,2021-11-02,Silver
1635,Customer_01635,SME,2,2021-09-06,Bronze
1636,Customer_01636,Retail,7,2018-03-27,Bronze
1637,Customer_01637,Retail,4,2021-11-09,Silver
1638,Customer_01638,SME,18,2020-05-01,Platinum
1639,Customer_01639,Retail,21,2018-11-13,Silver
1640,Customer_01640,Enterprise,22,2020-08-27,Silver
1641,Customer_01641,Enterprise,16,2019-12-21,Bronze
1642,Customer_01642,Retail,20,2021-08-25,Platinum
1643,Customer_01643,Retail,11,2018-09-28,Bronze
1644,Customer_01644,Retail,16,2019-05-26,Gold
1645,Customer_01645,Retail,3,2018-07-04,Silver
1646,Customer_01646,Retail,14,2018-06-16,Bronze
1647,Customer_01647,Retail,14,2020-07-24,Bronze
1648,Customer_01648,Enterprise,1,2021-11-01,Silver
1649,Customer_01649,SME,14,2020-07-31,Bronze
1650,Customer_01650,SME,19,2021-05-29,Gold
1651,Customer_01651,retail,10,2019-10-25,Gold
1652,Customer_01652,Retail,14,2021-05-27,Bronze
1653,Customer_01653,Retail,8,2018-03-21,Silver
1654,Customer_01654,Retail,7,2019-07-13,Bronze
1655,Customer_01655,SME,4,2020-12-18,Bronze
1656,Customer_01656,Retail,9,2018-03-22,Gold
1657,Customer_01657,Retail,21,2018-11-04,Gold
1658,Customer_01658,SME,24,2020-03-16,Gold
1659,Customer_01659,Retail,16,2021-05-27,Bronze
1660,Customer_01660,Retail,16,2020-08-04,Silver
1661,Customer_01661,Retail,16,2019-08-09,Silver
1662,Customer_01662,Wholesale,12,2018-11-10,Platinum
1663,Customer_01663,Enterprise,11,2020-12-05,Silver
1664,Customer_01664,Retail,16,2018-12-15,Platinum
1665,Customer_01665,SME,20,2020-11-03,Bronze
1666,Customer_01666,SME,11,2020-12-27,Silver
1667,Customer_01667,SME,15,2020-03-02,Gold
1668,Customer_01668,Retail,12,2021-05-05,Silver
1669,Customer_01669,Retail,8,2020-05-05,Silver
1670,Customer_01670,SME,8,2020-07-14,Silver
1671,Customer_01671,Retail,2,2020-11-07,Platinum
1672,Customer_01672,Wholesale,11,2018-10-26,Bronze
1673,Customer_01673,Enterprise,18,2020-08-22,Platinum
1674,Customer_01674,Retail,18,2019-02-24,Silver
1675,Customer_01675,enterprise,25,2019-01-17,Silver
1676,Customer_01676,SME,1,2019-04-09,Silver
1677,Customer_01677,Enterprise,20,2020-11-24,Bronze
1678,Customer_01678,Retail,20,2018-08-06,Platinum
1679,Customer_01679,SME,11,2021-01-12,Platinum
1680,Customer_01680,Wholesale,8,2020-11-12,Platinum
1681,Customer_01681,Enterprise,9,2018-05-30,Platinum
1682,Customer_01682,SME,18,2020-08-10,Silver
1683,Customer_01683,Enterprise,22,2019-02-21,Silver
1684,Customer_01684,Retail,17,2021-10-30,Gold
1685,Customer_01685,Retail,13,2019-06-25,Bronze
1686,Customer_01686,Retail,17,2018-06-08,Gold
1687,Customer_01687,Wholesale,2,2019-02-03,Silver
1688,Customer_01688,Wholesale,16,2019-08-12,Silver
1689,Customer_01689,Wholesale,2,2018-07-08,Silver
1690,Customer_01690,Retail,24,2020-10-11,Silver
1691,Customer_01691,Enterprise,23,2020-06-15,Bronze
1692,Customer_01692,SME,13,2021-09-19,Silver
1693,Customer_01693,Retail,10,2019-02-19,Silver
1694,Customer_01694,Enterprise,19,2019-01-12,Bronze
1695,Customer_01695,Wholesale,16,2018-12-01,Bronze
1696,Customer_01696,Wholesale,18,2018-12-05,Silver
1697,Customer_01697,Retail,13,2021-06-24,Bronze
1698,Customer_01698,Enterprise,6,2019-04-08,Gold
1699,Customer_01699,SME,2,2018-11-14,Bronze
1700,Customer_01700,Enterprise,8,2021-03-02,Silver
1701,Customer_01701,SME,14,2020-01-18,Bronze
1702,Customer_01702,SME,11,2018-04-03,Silver
1703,Customer_01703,Retail,13,2020-04-19,Silver
1704,Customer_01704,Wholesale,7,2018-11-29,Silver
1705,Customer_01705,Retail,24,2019-10-29,Silver
1706,Customer_01706,SME,10,2019-04-21,Silver
1707,Customer_01707,Retail,22,2019-06-07,Bronze
1708,Customer_01708,Retail,10,2019-05-01,Silver
1709,Customer_01709,SME,12,2018-10-20,Silver
1710,Customer_01710,Retail,16,2018-04-16,Silver
1711,Customer_01711,Enterprise,7,2020-10-15,Silver
1712,Customer_01712,Retail,6,2018-03-11,Gold
1713,Customer_01713,SME,10,2019-06-05,Silver
1714,Customer_01714,SME,21,2019-07-23,Bronze
1715,Customer_01715,Retail,4,2020-08-28,Bronze
1716,Customer_01716,Enterprise,11,2020-04-16,Bronze
1717,Customer_01717,Retail,17,2019-04-30,Silver
1718,Customer_01718,Wholesale,18,2020-07-05,Gold
1719,Customer_01719,Wholesale,11,2020-10-28,Gold
1720,Customer_01720,SME,3,2018-08-22,Silver
1721,Customer_01721,Retail,1,2020-04-18,Bronze
1722,Customer_01722,Retail,12,2019-05-11,Gold
1723,Customer_01723,Enterprise,21,2021-11-16,Bronze
1724,Customer_01724,Wholesale,1,2021-09-08,Silver
1725,Customer_01725,Retail,23,2018-07-09,Gold
1726,Customer_01726,Retail,17,2021-06-02,Silver
1727,Customer_01727,Retail,1,2018-09-26,Bronze
1728,Customer_01728,SME,9,2018-04-22,Bronze
1729,Customer_01729,Retail,6,2020-01-10,Silver
1730,Customer_01730,Retail,24,2018-05-16,Bronze
1731,Customer_01731,SME,14,2020-04-01,Silver
1732,Customer_01732,Retail,9,2018-02-04,Silver
1733,Customer_01733,Enterprise,7,2021-01-11,Bronze
1734,Customer_01734,Retail,15,2020-03-31,Bronze
1735,Customer_01735,SME,1,2020-05-28,Gold
1736,Customer_01736,Enterprise,7,2018-10-13,Silver
1737,Customer_01737,SME,5,2021-10-28,Gold
1738,Customer_01738,Retail,16,2018-08-08,Silver
1739,Customer_01739,Wholesale,17,2021-11-27,Bronze
1740,Customer_01740,Enterprise,12,2020-09-15,Silver
1741,Customer_01741,Retail,4,2019-07-22,Silver
1742,Customer_01742,Retail,10,2021-05-28,Silver
1743,Customer_01743,Retail,22,2019-12-28,Gold
1744,Customer_01744,SME,6,2017-11-28,Platinum
1745,Customer_01745,Enterprise,5,2018-08-16,Gold
1746,Customer_01746,Wholesale,3,2021-11-17,Silver
1747,Customer_01747,Enterprise,21,2019-07-29,Silver
1748,Customer_01748,Wholesale,3,2019-07-20,Silver
1749,Customer_01749,Retail,15,2021-09-21,Bronze
1750,Customer_01750,Retail,25,2019-05-02,Gold
1751,Customer_01751,Wholesale,17,2019-11-12,Gold
1752,Customer_01752,Retail,11,2019-03-16,Bronze
1753,Customer_01753,SME,6,2020-10-12,Platinum
1754,Customer_01754,SME,1,2020-12-14,Gold
1755,Customer_01755,Retail,4,2018-12-25,Silver
1756,Customer_01756,Wholesale,24,2019-01-15,Platinum
1757,Customer_01757,Retail,4,2021-05-04,Bronze
1758,Customer_01758,SME,1,2021-02-11,Bronze
1759,Customer_01759,SME,21,2019-08-06,Bronze
1760,Customer_01760,SME,11,2018-08-07,Silver
1761,Customer_01761,Retail,9,2021-03-05,Silver
1762,Customer_01762,Retail,18,2021-02-07,Platinum
1763,Customer_01763,Retail,14,2018-09-08,Bronze
1764,Customer_01764,Retail,23,2019-02-21,Bronze
1765,Customer_01765,Retail,12,2018-04-19,Silver
1766,Customer_01766,Retail,18,2018-10-14,Bronze
1767,Customer_01767,SME,22,2018-02-02,Gold
1768,Customer_01768,Retail,12,2021-03-24,Silver
1769,Customer_01769,Retail,8,2020-11-20,Platinum
1770,Customer_01770,SME,25,2021-01-10,Silver
1771,Customer_01771,Wholesale,6,2021-10-10,Bronze
1772,Customer_01772,Enterprise,1,2018-10-21,Bronze
1773,Customer_01773,Wholesale,15,2019-04-15,Bronze
1774,Customer_01774,SME,25,2021-08-26,Platinum
1775,Customer_01775,Wholesale,3,2021-03-10,Silver
1776,Customer_01776,Wholesale,22,2021-03-21,Silver
1777,Customer_01777,Enterprise,21,2020-05-07,Bronze
1778,Customer_01778,Retail,24,2020-02-18,Gold
1779,Customer_01779,Retail,11,2020-10-25,Bronze
1780,Customer_01780,Retail,7,2018-03-08,Gold
1781,Customer_01781,Retail,13,2021-02-16,Gold
1782,Customer_01782,Enterprise,4,2019-09-12,Bronze
1783,Customer_01783,Retail,22,2020-03-16,Silver
1784,Customer_01784,Retail,17,2020-05-30,Bronze
1785,Customer_01785,Retail,13,2018-08-12,Silver
1786,Customer_01786,SME,13,2017-12-26,Platinum
1787,Customer_01787,Retail,18,2021-12-24,Silver
1788,Customer_01788,Wholesale,14,2020-02-06,Gold
1789,Customer_01789,SME,21,2021-07-07,Silver
1790,Customer_01790,Retail,24,2020-03-22,Bronze
1791,Customer_01791,Enterprise,24,2019-06-21,Gold
1792,Customer_01792,Retail,16,2020-04-24,Silver
1793,Customer_01793,Retail,19,2020-09-25,Bronze
1794,Customer_01794,Wholesale,8,2020-09-20,Silver
1795,Customer_01795,SME,1,2020-10-09,Silver
1796,Customer_01796,Retail,11,2020-08-31,Gold
1797,Customer_01797,Wholesale,22,2020-06-20,Bronze
1798,Customer_01798,retail,4,2019-03-07,Gold
1799,Customer_01799,Wholesale,14,2021-08-10,Silver
1800,Customer_01800,Wholesale,5,2021-11-01,Bronze
1801,Customer_01801,Wholesale,11,2019-11-18,Bronze
1802,Customer_01802,Wholesale,4,2019-03-16,Gold
1803,Customer_01803,Retail,19,2020-12-09,Silver
1804,Customer_01804,Wholesale,21,2021-03-06,Silver
1805,Customer_01805,Wholesale,19,2019-06-09,Bronze
1806,Customer_01806,Wholesale,18,2020-06-04,Silver
1807,Customer_01807,Retail,6,2018-12-24,Gold
1808,Customer_01808,Retail,14,2021-05-27,Bronze
1809,Customer_01809,Retail,3,2021-07-04,Platinum
1810,Customer_01810,Retail,10,2019-09-25,Bronze
1811,Customer_01811,Retail,13,2020-05-23,Bronze
1812,Customer_01812,Retail,17,2019-01-03,Silver
1813,Customer_01813,Enterprise,3,2019-12-04,Gold
1814,Customer_01814,Retail,21,2020-07-19,Bronze
1815,Customer_01815,SME,12,2021-05-07,Silver
1816,Customer_01816,Wholesale,23,2021-05-01,Bronze
1817,Customer_01817,Enterprise,14,2018-11-25,Silver
1818,Customer_01818,Retail,14,2021-01-27,Silver
1819,Customer_01819,Retail,18,2019-12-10,Platinum
1820,Customer_01820,Wholesale,21,2018-08-23,Silver
1821,Customer_01821,sme,4,2018-04-26,Silver
1822,Customer_01822,Retail,13,2020-11-26,Silver
1823,Customer_01823,Wholesale,1,2021-07-21,Bronze
1824,Customer_01824,Wholesale,12,2018-10-27,Bronze
1825,Customer_01825,Enterprise,21,2019-03-08,Platinum
1826,Customer_01826,Retail,22,2020-08-23,Bronze
1827,Customer_01827,Wholesale,8,2019-07-26,Gold
1828,Customer_01828,Retail,10,2021-03-24,Bronze
1829,Customer_01829,SME,14,2019-02-15,Gold
1830,Customer_01830,Retail,10,2019-01-07,Bronze
1831,Customer_01831,Retail,5,2020-10-09,Platinum
1832,Customer_01832,SME,8,2020-01-30,Silver
1833,Customer_01833,Retail,11,2020-08-18,Bronze
1834,Customer_01834,Retail,13,2021-11-16,Silver
1835,Customer_01835,Retail,24,2021-06-25,Silver
1836,Customer_01836,Retail,14,2018-01-23,Bronze
1837,Customer_01837,retail,10,2020-02-17,Bronze
1838,Customer_01838,Retail,17,2021-05-25,Gold
1839,Customer_01839,Enterprise,20,2021-10-27,Gold
1840,Customer_01840,Enterprise,11,2020-07-20,Bronze
1841,Customer_01841,Retail,13,2017-12-19,Gold
1842,Customer_01842,Wholesale,6,2020-06-03,Bronze
1843,Customer_01843,Retail,22,2017-11-24,Bronze
1844,Customer_01844,SME,22,2019-12-29,Silver
1845,Customer_01845,Retail,5,2018-11-13,Bronze
1846,Customer_01846,Wholesale,9,2018-10-11,Bronze
1847,Customer_01847,Retail,7,2021-11-20,Silver
1848,Customer_01848,Wholesale,24,2021-12-23,Bronze
1849,Customer_01849,Retail,2,2018-03-20,Bronze
1850,Customer_01850,Enterprise,6,2018-03-05,Gold
1851,Customer_01851,Retail,8,2021-06-17,Silver
1852,Customer_01852,SME,15,2019-05-09,Gold
1853,Customer_01853,Wholesale,7,2018-03-18,Silver
1854,Customer_01854,Enterprise,14,2018-02-06,Silver
1855,Customer_01855,SME,19,2020-10-14,Bronze
1856,Customer_01856,SME,21,2018-08-24,Gold
1857,Customer_01857,Retail,3,2019-05-08,Bronze
1858,Customer_01858,Retail,4,2018-03-12,Bronze
1859,Customer_01859,Retail,3,2021-05-26,Gold
1860,Customer_01860,Retail,23,2019-07-15,Gold
1861,Customer_01861,Wholesale,17,2021-11-26,Silver
1862,Customer_01862,SME,14,2020-07-15,Bronze
1863,Customer_01863,SME,20,2021-12-15,Bronze
1864,Customer_01864,Wholesale,15,2020-03-08,Silver
1865,Customer_01865,Wholesale,6,2018-09-03,Gold
1866,Customer_01866,SME,13,2019-04-20,Silver
1867,Customer_01867,SME,18,2020-09-13,Bronze
1868,Customer_01868,Retail,1,2020-04-01,Bronze
1869,Customer_01869,Wholesale,16,2020-06-29,Silver
1870,Customer_01870,SME,13,2018-12-31,Silver
1871,Customer_01871,Retail,2,2020-11-28,Bronze
1872,Customer_01872,retail,7,2021-08-17,Bronze
1873,Customer_01873,SME,12,2019-12-03,Bronze
1874,Customer_01874,SME,9,2018-08-06,Bronze
1875,Customer_01875,SME,8,2020-01-17,Silver
1876,Customer_01876,Enterprise,17,2021-03-01,Bronze
1877,Customer_01877,Retail,11,2021-10-24,Silver
1878,Customer_01878,Retail,13,2018-02-16,Gold
1879,Customer_01879,Wholesale,20,2018-11-17,Platinum
1880,Customer_01880,Wholesale,3,2021-05-13,Platinum
1881,Customer_01881,Wholesale,9,2021-09-13,Bronze
1882,Customer_01882,Wholesale,2,2021-06-22,Bronze
1883,Customer_01883,Retail,24,2020-06-16,Bronze
1884,Customer_01884,Enterprise,5,2018-09-02,Gold
1885,Customer_01885,Retail,21,2021-05-07,Bronze
1886,Customer_01886,Retail,5,2018-08-22,Silver
1887,Customer_01887,Retail,9,2021-12-30,Bronze
1888,Customer_01888,Retail,16,2018-12-20,Bronze
1889,Customer_01889,SME,21,2020-11-04,Gold
1890,Customer_01890,Retail,5,2018-01-22,Silver
1891,Customer_01891,Retail,6,2020-01-19,Silver
1892,Customer_01892,Enterprise,23,2020-11-22,Platinum
1893,Customer_01893,Wholesale,9,2021-01-02,Bronze
1894,Customer_01894,Retail,6,2018-08-11,Bronze
1895,Customer_01895,Retail,19,2020-05-07,Silver
1896,Customer_01896,Retail,3,2020-07-22,Silver
1897,Customer_01897,Wholesale,22,2018-12-25,Silver
1898,Customer_01898,Retail,22,2019-10-18,Bronze
1899,Customer_01899,Retail,22,2019-04-12,Platinum
1900,Customer_01900,Retail,8,2020-03-04,Bronze
1901,Customer_01901,Wholesale,3,2021-09-27,Silver
1902,Customer_01902,Retail,11,2021-12-24,Silver
1903,Customer_01903,SME,9,2021-11-04,Platinum
1904,Customer_01904,Retail,24,2019-08-24,Silver
1905,Customer_01905,Wholesale,16,2019-11-23,Platinum
1906,Customer_01906,Retail,24,2018-12-07,Bronze
1907,Customer_01907,Retail,19,2018-05-01,Silver
1908,Customer_01908,Retail,18,2021-04-15,Gold
1909,Customer_01909,SME,3,2018-01-27,Silver
1910,Customer_01910,SME,2,2018-03-06,Silver
1911,Customer_01911,Retail,2,2019-06-23,Platinum
1912,Customer_01912,Retail,15,2019-10-29,Bronze
1913,Customer_01913,SME,6,2021-04-12,Silver
1914,Customer_01914,Wholesale,25,2021-04-09,Gold
1915,Customer_01915,Retail,4,2021-12-05,Platinum
1916,Customer_01916,retail,24,2019-05-09,Platinum
1917,Customer_01917,Wholesale,17,2020-03-23,Gold
1918,Customer_01918,Enterprise,3,2021-03-20,Bronze
1919,Customer_01919,Wholesale,2,2021-06-15,Platinum
1920,Customer_01920,SME,10,2021-09-28,Silver
1921,Customer_01921,Retail,9,2019-05-16,Silver
1922,Customer_01922,Retail,8,2019-03-11,Silver
1923,Customer_01923,retail,14,2019-05-30,Gold
1924,Customer_01924,Retail,4,2021-07-19,Silver
1925,Customer_01925,Retail,4,2021-10-31,Gold
1926,Customer_01926,Retail,18,2021-07-26,Bronze
1927,Customer_01927,Retail,25,2018-12-01,Bronze
1928,Customer_01928,Enterprise,7,2018-12-19,Silver
1929,Customer_01929,Retail,24,2020-10-16,Bronze
1930,Customer_01930,Retail,9,2021-10-11,Silver
1931,Customer_01931,Wholesale,9,2020-09-09,Bronze
1932,Customer_01932,wholesale,3,2018-09-05,Silver
1933,Customer_01933,Enterprise,11,2021-05-31,Bronze
1934,Customer_01934,SME,13,2018-09-25,Bronze
1935,Customer_01935,Enterprise,17,2020-02-06,Silver
1936,Customer_01936,Retail,4,2021-06-03,Bronze
1937,Customer_01937,Retail,5,2018-03-03,Bronze
1938,Customer_01938,Wholesale,11,2019-11-16,Bronze
1939,Customer_01939,Retail,2,2019-03-31,Bronze
1940,Customer_01940,Retail,4,2021-08-10,Silver
1941,Customer_01941,Retail,16,2020-06-23,Bronze
1942,Customer_01942,Retail,24,2019-05-29,Silver
1943,Customer_01943,Retail,15,2019-05-09,Silver
1944,Customer_01944,Retail,4,2021-09-29,Silver
1945,Customer_01945,SME,25,2019-07-10,Silver
1946,Customer_01946,SME,14,2018-02-15,Bronze
1947,Customer_01947,Retail,18,2018-10-10,Platinum
1948,Customer_01948,SME,5,2021-02-24,Silver
1949,Customer_01949,Retail,15,2018-04-04,Bronze
1950,Customer_01950,SME,2,2019-03-14,Platinum
1951,Customer_01951,SME,16,2021-10-08,Silver
1952,Customer_01952,Retail,6,2021-06-23,Silver
1953,Customer_01953,Enterprise,23,2018-03-22,Gold
1954,Customer_01954,SME,2,2021-02-21,Bronze
1955,Customer_01955,SME,17,2021-08-09,Gold
1956,Customer_01956,SME,4,2020-02-25,Silver
1957,Customer_01957,Wholesale,18,2019-11-05,Silver
1958,Customer_01958,Retail,13,2019-08-26,Bronze
1959,Customer_01959,SME,25,2019-04-19,Bronze
1960,Customer_01960,Wholesale,17,2017-11-25,Platinum
1961,Customer_01961,Wholesale,10,2018-11-20,Bronze
1962,Customer_01962,Retail,3,2021-11-24,Bronze
1963,Customer_01963,Wholesale,15,2021-08-22,Silver
1964,Customer_01964,Retail,12,2022-01-01,Gold
1965,Customer_01965,Enterprise,2,2020-05-19,Bronze
1966,Customer_01966,Retail,15,2020-07-25,Gold
1967,Customer_01967,Enterprise,6,2018-03-03,Silver
1968,Customer_01968,SME,6,2020-07-01,Gold
1969,Customer_01969,Retail,1,2021-11-17,Bronze
1970,Customer_01970,Wholesale,10,2018-05-17,Bronze
1971,Customer_01971,Retail,6,2020-12-07,Silver
1972,Customer_01972,SME,2,2018-04-04,Bronze
1973,Customer_01973,Enterprise,11,2018-10-28,Silver
1974,Customer_01974,Retail,6,2018-05-22,Bronze
1975,Customer_01975,Retail,4,2018-08-21,Gold
1976,Customer_01976,Retail,12,2021-06-01,Gold
1977,Customer_01977,Retail,2,2019-06-07,Gold
1978,Customer_01978,SME,25,2020-04-23,Platinum
1979,Customer_01979,Enterprise,12,2019-06-03,Platinum
1980,Customer_01980,Retail,25,2018-12-10,Silver
1981,Customer_01981,SME,23,2019-12-12,Silver
1982,Customer_01982,Retail,25,2020-09-20,Gold
1983,Customer_01983,SME,14,2018-03-29,Platinum
1984,Customer_01984,Retail,11,2019-04-13,Platinum
1985,Customer_01985,Wholesale,18,2018-05-14,Gold
1986,Customer_01986,SME,3,2021-01-11,Bronze
1987,Customer_01987,Retail,22,2018-07-24,Platinum
1988,Customer_01988,Wholesale,9,2020-09-03,Platinum
1989,Customer_01989,SME,1,2020-02-11,Silver
1990,Customer_01990,Retail,6,2018-06-21,Gold
1991,Customer_01991,Retail,7,2020-07-18,Silver
1992,Customer_01992,Wholesale,1,2020-12-22,Platinum
1993,Customer_01993,Retail,17,2018-03-30,Bronze
1994,Customer_01994,Retail,3,2018-01-16,Gold
1995,Customer_01995,Retail,22,2020-09-22,Bronze
1996,Customer_01996,Enterprise,12,2020-09-29,Bronze
1997,Customer_01997,Retail,18,2021-01-25,Bronze
1998,Customer_01998,Retail,9,2021-11-27,Silver
1999,Customer_01999,SME,4,2019-09-25,Bronze
2000,Customer_02000,Wholesale,5,2020-12-15,Platinum
2001,Customer_02001,SME,17,2018-07-08,Silver
2002,Customer_02002,Retail,18,2021-04-20,Gold
2003,Customer_02003,SME,7,2019-05-25,Bronze
2004,Customer_02004,Wholesale,9,2019-12-03,Bronze
2005,Customer_02005,Retail,24,2019-06-29,Gold
2006,Customer_02006,SME,22,2021-07-16,Gold
2007,Customer_02007,Retail,11,2020-02-02,Silver
2008,Customer_02008,retail,7,2019-06-07,Gold
2009,Customer_02009,Retail,8,2020-08-08,Gold
2010,Customer_02010,Wholesale,14,2018-05-30,Silver
2011,Customer_02011,Retail,15,2019-10-30,Platinum
2012,Customer_02012,Retail,5,2020-07-07,Gold
2013,Customer_02013,Retail,2,2021-11-16,Silver
2014,Customer_02014,Retail,13,2021-04-24,Silver
2015,Customer_02015,Retail,20,2020-01-18,Bronze
2016,Customer_02016,Wholesale,4,2020-05-11,Bronze
2017,Customer_02017,Retail,11,2018-06-04,Gold
2018,Customer_02018,Retail,5,2018-10-11,Gold
2019,Customer_02019,Wholesale,7,2021-05-08,Bronze
2020,Customer_02020,Retail,16,2019-07-29,Silver
2021,Customer_02021,Wholesale,8,2020-02-20,Bronze
2022,Customer_02022,Retail,7,2021-08-03,Bronze
2023,Customer_02023,Retail,25,2019-04-09,Platinum
2024,Customer_02024,Retail,5,2019-10-19,Silver
2025,Customer_02025,Retail,5,2021-08-23,Bronze
2026,Customer_02026,Retail,24,2020-01-30,Silver
2027,Customer_02027,SME,14,2018-12-31,Silver
2028,Customer_02028,Retail,2,2020-08-29,Gold
2029,Customer_02029,wholesale,11,2020-07-15,Platinum
2030,Customer_02030,Wholesale,15,2021-07-20,Silver
2031,Customer_02031,Retail,7,2021-03-01,Silver
2032,Customer_02032,Wholesale,14,2017-12-22,Silver
2033,Customer_02033,Retail,17,2019-06-15,Silver
2034,Customer_02034,Retail,7,2021-04-12,Bronze
2035,Customer_02035,Retail,21,2020-01-08,Bronze
2036,Customer_02036,Enterprise,12,2021-03-18,Gold
2037,Customer_02037,SME,25,2020-03-08,Silver
2038,Customer_02038,retail,3,2021-05-28,Silver
2039,Customer_02039,Wholesale,9,2019-06-18,Bronze
2040,Customer_02040,Enterprise,19,2019-08-30,Gold
2041,Customer_02041,Retail,23,2019-05-27,Bronze
2042,Customer_02042,Enterprise,6,2020-03-07,Silver
2043,Customer_02043,Wholesale,25,2020-10-30,Gold
2044,Customer_02044,SME,5,2020-12-23,Silver
2045,Customer_02045,SME,11,2021-02-13,Platinum
2046,Customer_02046,Retail,8,2020-03-28,Bronze
2047,Customer_02047,Retail,11,2020-02-24,Gold
2048,Customer_02048,Wholesale,23,2019-03-28,Platinum
2049,Customer_02049,Retail,19,2021-10-15,Silver
2050,Customer_02050,Retail,20,2020-11-05,Silver
2051,Customer_02051,SME,7,2018-07-03,Silver
2052,Customer_02052,Retail,24,2018-03-31,Gold
2053,Customer_02053,Retail,11,2018-03-07,Platinum
2054,Customer_02054,SME,17,2020-09-29,Gold
2055,Customer_02055,Retail,18,2021-06-10,Platinum
2056,Customer_02056,Retail,17,2021-03-10,Silver
2057,Customer_02057,SME,16,2021-06-18,Silver
2058,Customer_02058,Retail,13,2018-01-31,Bronze
2059,Customer_02059,Retail,17,2018-05-17,Gold
2060,Customer_02060,Retail,23,2018-09-04,Gold
2061,Customer_02061,SME,10,2019-01-03,Silver
2062,Customer_02062,retail,13,2020-08-05,Bronze
2063,Customer_02063,Wholesale,5,2020-01-19,Silver
2064,Customer_02064,Retail,9,2018-07-19,Gold
2065,Customer_02065,Retail,20,2018-08-29,Platinum
2066,Customer_02066,SME,17,2019-11-15,Bronze
2067,Customer_02067,Wholesale,6,2018-07-25,Bronze
2068,Customer_02068,SME,14,2020-07-30,Silver
2069,Customer_02069,Retail,21,2020-04-21,Bronze
2070,Customer_02070,Wholesale,4,2018-07-22,Platinum
2071,Customer_02071,SME,2,2020-06-16,Silver
2072,Customer_02072,Retail,10,2018-11-30,Silver
2073,Customer_02073,Retail,17,2020-02-22,Bronze
2074,Customer_02074,SME,8,2020-10-12,Silver
2075,Customer_02075,Retail,21,2021-02-07,Platinum
2076,Customer_02076,Wholesale,22,2019-07-06,Silver
2077,Customer_02077,SME,14,2020-01-13,Bronze
2078,Customer_02078,Retail,10,2020-06-26,Bronze
2079,Customer_02079,Retail,2,2018-12-14,Platinum
2080,Customer_02080,Retail,21,2021-12-31,Platinum
2081,Customer_02081,Retail,23,2021-08-16,Bronze
2082,Customer_02082,Retail,12,2018-01-20,Silver
2083,Customer_02083,Wholesale,13,2019-04-12,Bronze
2084,Customer_02084,Retail,19,2019-09-30,Silver
2085,Customer_02085,Wholesale,18,2021-12-10,Bronze
2086,Customer_02086,Retail,4,2019-07-19,Gold
2087,Customer_02087,Retail,17,2020-03-20,Platinum
2088,Customer_02088,Retail,24,2019-07-17,Bronze
2089,Customer_02089,Enterprise,19,2021-11-01,Silver
2090,Customer_02090,Retail,13,2019-09-29,Bronze
2091,Customer_02091,Retail,14,2019-08-19,Bronze
2092,Customer_02092,SME,7,2020-10-23,Bronze
2093,Customer_02093,Wholesale,17,2021-10-12,Bronze
2094,Customer_02094,Retail,7,2018-01-05,Platinum
2095,Customer_02095,SME,9,2019-02-02,Bronze
2096,Customer_02096,Retail,7,2019-06-14,Gold
2097,Customer_02097,retail,9,2018-11-08,Bronze
2098,Customer_02098,Retail,10,2019-04-01,Silver
2099,Customer_02099,Retail,3,2021-06-14,Silver
2100,Customer_02100,Retail,18,2020-02-19,Platinum
2101,Customer_02101,Enterprise,12,2018-05-09,Bronze
2102,Customer_02102,Retail,24,2020-10-27,Bronze
2103,Customer_02103,SME,5,2018-01-04,Gold
2104,Customer_02104,SME,17,2021-09-27,Gold
2105,Customer_02105,Wholesale,5,2020-08-23,Silver
2106,Customer_02106,Enterprise,14,2020-07-25,Bronze
2107,Customer_02107,Enterprise,13,2019-06-20,Bronze
2108,Customer_02108,SME,12,2021-04-12,Gold
2109,Customer_02109,Retail,17,2021-01-23,Silver
2110,Customer_02110,Retail,21,2019-04-14,Silver
2111,Customer_02111,Wholesale,8,2020-11-01,Bronze
2112,Customer_02112,Wholesale,22,2018-05-24,Bronze
2113,Customer_02113,retail,5,2018-06-06,Platinum
2114,Customer_02114,Wholesale,8,2020-10-04,Gold
2115,Customer_02115,Retail,8,2019-09-15,Bronze
2116,Customer_02116,SME,24,2020-08-20,Platinum
2117,Customer_02117,retail,3,2020-08-02,Silver
2118,Customer_02118,Retail,10,2019-04-02,Bronze
2119,Customer_02119,Retail,11,2020-10-19,Silver
2120,Customer_02120,retail,21,2021-05-23,Gold
2121,Customer_02121,Retail,13,2020-12-09,Silver
2122,Customer_02122,Retail,25,2018-03-09,Silver
2123,Customer_02123,Retail,19,2020-12-09,Gold
2124,Customer_02124,Retail,18,2020-07-05,Bronze
2125,Customer_02125,Retail,19,2019-06-03,Platinum
2126,Customer_02126,Retail,5,2021-08-03,Silver
2127,Customer_02127,Retail,12,2020-11-25,Silver
2128,Customer_02128,Retail,15,2021-04-14,Silver
2129,Customer_02129,Retail,6,2018-03-17,Silver
2130,Customer_02130,Retail,3,2018-03-04,Silver
2131,Customer_02131,Retail,4,2018-11-25,Silver
2132,Customer_02132,Enterprise,20,2020-12-27,Platinum
2133,Customer_02133,SME,17,2019-06-22,Gold
2134,Customer_02134,SME,8,2019-04-14,Gold
2135,Customer_02135,Wholesale,19,2018-06-07,Bronze
2136,Customer_02136,Wholesale,18,2021-05-12,Silver
2137,Customer_02137,Retail,21,2018-12-24,Silver
2138,Customer_02138,Enterprise,23,2021-03-16,Bronze
2139,Customer_02139,Enterprise,23,2019-09-01,Gold
2140,Customer_02140,sme,5,2018-05-24,Bronze
2141,Customer_02141,SME,20,2021-09-30,Bronze
2142,Customer_02142,Retail,10,2021-05-24,Bronze
2143,Customer_02143,Enterprise,11,2018-08-31,Bronze
2144,Customer_02144,SME,17,2021-12-04,Bronze
2145,Customer_02145,Retail,16,2019-03-11,Silver
2146,Customer_02146,SME,11,2019-12-12,Silver
2147,Customer_02147,Retail,25,2020-07-31,Bronze
2148,Customer_02148,SME,5,2018-06-17,Bronze
2149,Customer_02149,Enterprise,3,2018-07-08,Gold
2150,Customer_02150,Retail,1,2020-08-31,Bronze
2151,Customer_02151,Wholesale,21,2021-12-26,Silver
2152,Customer_02152,Retail,11,2021-06-23,Silver
2153,Customer_02153,Enterprise,11,2021-07-24,Silver
2154,Customer_02154,Enterprise,17,2017-12-20,Gold
2155,Customer_02155,Wholesale,11,2019-07-21,Silver
2156,Customer_02156,SME,15,2019-03-23,Platinum
2157,Customer_02157,Retail,2,2021-01-20,Gold
2158,Customer_02158,Retail,4,2018-07-05,Bronze
2159,Customer_02159,Retail,24,2019-01-13,Bronze
2160,Customer_02160,Retail,12,2018-11-30,Bronze
2161,Customer_02161,Retail,5,2020-01-30,Silver
2162,Customer_02162,Retail,10,2019-02-19,Silver
2163,Customer_02163,Retail,9,2019-10-08,Bronze
2164,Customer_02164,Retail,7,2020-06-04,Bronze
2165,Customer_02165,SME,8,2019-07-25,Silver
2166,Customer_02166,Retail,19,2020-09-02,Silver
2167,Customer_02167,SME,3,2018-02-02,Silver
2168,Customer_02168,Retail,8,2019-01-22,Platinum
2169,Customer_02169,Retail,12,2018-12-20,Bronze
2170,Customer_02170,Wholesale,14,2019-01-22,Silver
2171,Customer_02171,Retail,23,2020-02-29,Platinum
2172,Customer_02172,Retail,24,2018-02-06,Silver
2173,Customer_02173,Wholesale,8,2021-02-24,Silver
2174,Customer_02174,Retail,14,2019-09-02,Silver
2175,Customer_02175,Retail,1,2021-09-19,Bronze
2176,Customer_02176,Wholesale,16,2020-10-17,Gold
2177,Customer_02177,Retail,4,2019-08-24,Silver
2178,Customer_02178,SME,2,2019-12-29,Silver
2179,Customer_02179,Retail,17,2018-02-20,Silver
2180,Customer_02180,SME,5,2019-06-26,Silver
2181,Customer_02181,Enterprise,12,2020-04-24,Bronze
2182,Customer_02182,SME,3,2020-04-01,Gold
2183,Customer_02183,SME,19,2019-06-29,Silver
2184,Customer_02184,Retail,20,2018-10-03,Bronze
2185,Customer_02185,Wholesale,15,2020-11-13,Silver
2186,Customer_02186,Retail,21,2019-08-09,Platinum
2187,Customer_02187,SME,11,2019-08-23,Silver
2188,Customer_02188,Wholesale,5,2021-12-18,Silver
2189,Customer_02189,Retail,4,2018-04-03,Silver
2190,Customer_02190,SME,6,2019-08-31,Gold
2191,Customer_02191,Retail,6,2021-01-03,Silver
2192,Customer_02192,Wholesale,9,2019-05-27,Gold
2193,Customer_02193,Enterprise,6,2019-03-22,Bronze
2194,Customer_02194,Retail,15,2018-03-31,Platinum
2195,Customer_02195,Wholesale,4,2021-11-11,Platinum
2196,Customer_02196,SME,16,2020-04-21,Silver
2197,Customer_02197,Retail,9,2021-04-06,Silver
2198,Customer_02198,Wholesale,18,2019-08-24,Bronze
2199,Customer_02199,Retail,13,2019-12-11,Silver
2200,Customer_02200,Wholesale,23,2020-01-20,Bronze
2201,Customer_02201,Retail,11,2017-12-20,Bronze
2202,Customer_02202,SME,8,2019-10-27,Platinum
2203,Customer_02203,SME,15,2020-04-25,Bronze
2204,Customer_02204,Retail,17,2021-09-23,Silver
2205,Customer_02205,Retail,11,2020-10-24,Bronze
2206,Customer_02206,Wholesale,14,2018-04-27,Silver
2207,Customer_02207,Enterprise,12,2020-02-24,Silver
2208,Customer_02208,Retail,8,2018-04-07,Bronze
2209,Customer_02209,Retail,8,2019-10-26,Silver
2210,Customer_02210,Retail,23,2019-10-02,Platinum
2211,Customer_02211,SME,17,2020-03-28,Silver
2212,Customer_02212,Retail,3,2019-09-20,Platinum
2213,Customer_02213,SME,25,2021-09-23,Silver
2214,Customer_02214,Retail,18,2021-10-07,Silver
2215,Customer_02215,SME,2,2020-01-19,Bronze
2216,Customer_02216,Retail,19,2019-07-20,Bronze
2217,Customer_02217,Retail,15,2019-09-28,Gold
2218,Customer_02218,SME,23,2020-03-29,Silver
2219,Customer_02219,SME,13,2020-10-17,Silver
2220,Customer_02220,Retail,13,2019-02-03,Gold
2221,Customer_02221,Retail,8,2019-07-09,Bronze
2222,Customer_02222,Retail,9,2021-10-23,Gold
2223,Customer_02223,Retail,16,2020-02-23,Bronze
2224,Customer_02224,Retail,21,2019-01-31,Platinum
2225,Customer_02225,SME,23,2018-10-13,Bronze
2226,Customer_02226,Retail,20,2020-10-28,Bronze
2227,Customer_02227,Enterprise,16,2018-03-16,Silver
2228,Customer_02228,Retail,13,2019-04-30,Bronze
2229,Customer_02229,Retail,9,2020-03-16,Platinum
2230,Customer_02230,Wholesale,20,2019-06-06,Silver
2231,Customer_02231,Retail,8,2018-06-04,Bronze
2232,Customer_02232,Wholesale,7,2021-01-26,Bronze
2233,Customer_02233,Retail,22,2021-05-21,Platinum
2234,Customer_02234,SME,15,2020-03-12,Silver
2235,Customer_02235,Enterprise,9,2021-08-29,Gold
2236,Customer_02236,SME,22,2018-07-28,Bronze
2237,Customer_02237,Retail,25,2018-01-07,Platinum
2238,Customer_02238,Retail,8,2019-07-08,Silver
2239,Customer_02239,Retail,14,2017-12-24,Silver
2240,Customer_02240,Wholesale,13,2021-09-20,Silver
2241,Customer_02241,Retail,18,2019-05-29,Bronze
2242,Customer_02242,Retail,24,2020-03-08,Platinum
2243,Customer_02243,Retail,14,2020-11-11,Platinum
2244,Customer_02244,Retail,20,2020-09-21,Silver
2245,Customer_02245,Retail,15,2019-10-07,Platinum
2246,Customer_02246,Retail,23,2019-05-15,Bronze
2247,Customer_02247,Retail,11,2021-04-30,Bronze
2248,Customer_02248,Wholesale,10,2019-06-25,Bronze
2249,Customer_02249,Retail,11,2018-03-14,Silver
2250,Customer_02250,Retail,25,2021-12-17,Bronze
2251,Customer_02251,Wholesale,16,2018-05-25,Silver
2252,Customer_02252,Enterprise,4,2019-07-05,Bronze
2253,Customer_02253,Retail,2,2020-08-06,Gold
2254,Customer_02254,Wholesale,13,2018-12-26,Gold
2255,Customer_02255,SME,21,2019-06-20,Silver
2256,Customer_02256,wholesale,12,2018-11-05,Bronze
2257,Customer_02257,SME,15,2021-09-02,Gold
2258,Customer_02258,Enterprise,20,2021-10-05,Bronze
2259,Customer_02259,Retail,13,2019-05-14,Gold
2260,Customer_02260,Retail,23,2020-10-03,Silver
2261,Customer_02261,Wholesale,16,2021-01-09,Silver
2262,Customer_02262,SME,19,2020-04-10,Bronze
2263,Customer_02263,Retail,20,2019-01-10,Gold
2264,Customer_02264,Retail,16,2021-04-07,Platinum
2265,Customer_02265,Wholesale,2,2018-01-03,Silver
2266,Customer_02266,Retail,11,2020-04-10,Platinum
2267,Customer_02267,Enterprise,4,2021-05-21,Platinum
2268,Customer_02268,Wholesale,13,2021-09-17,Bronze
2269,Customer_02269,Enterprise,4,2018-06-26,Gold
2270,Customer_02270,SME,13,2021-07-16,Bronze
2271,Customer_02271,Wholesale,9,2020-04-13,Silver
2272,Customer_02272,Wholesale,1,2019-04-04,Bronze
2273,Customer_02273,Enterprise,4,2019-11-24,Platinum
2274,Customer_02274,SME,13,2020-12-04,Gold
2275,Customer_02275,SME,2,2021-07-24,Bronze
2276,Customer_02276,Retail,22,2019-01-30,Silver
2277,Customer_02277,Wholesale,19,2019-12-28,Silver
2278,Customer_02278,Retail,18,2021-10-21,Gold
2279,Customer_02279,SME,5,2021-04-05,Platinum
2280,Customer_02280,Wholesale,20,2019-09-10,Bronze
2281,Customer_02281,Retail,16,2021-04-24,Silver
2282,Customer_02282,Retail,10,2020-05-24,Silver
2283,Customer_02283,Retail,1,2021-06-29,Silver
2284,Customer_02284,Enterprise,14,2018-09-24,Silver
2285,Customer_02285,Retail,20,2019-06-01,Bronze
2286,Customer_02286,Retail,1,2018-10-14,Bronze
2287,Customer_02287,SME,2,2021-10-15,Silver
2288,Customer_02288,Enterprise,10,2020-06-17,Platinum
2289,Customer_02289,Retail,13,2020-11-26,Bronze
2290,Customer_02290,Retail,12,2019-06-12,Bronze
2291,Customer_02291,SME,11,2018-08-18,Gold
2292,Customer_02292,Enterprise,7,2021-01-25,Platinum
2293,Customer_02293,Wholesale,2,2018-11-04,Silver
2294,Customer_02294,Retail,1,2019-08-15,Bronze
2295,Customer_02295,Retail,3,2018-08-14,Silver
2296,Customer_02296,Retail,18,2021-09-02,Silver
2297,Customer_02297,Enterprise,20,2017-12-07,Silver
2298,Customer_02298,Retail,11,2020-03-21,Bronze
2299,Customer_02299,Retail,2,2020-11-07,Bronze
2300,Customer_02300,Enterprise,11,2021-04-02,Bronze
2301,Customer_02301,SME,25,2017-12-16,Gold
2302,Customer_02302,Enterprise,7,2018-05-17,Silver
2303,Customer_02303,Retail,13,2021-06-19,Bronze
2304,Customer_02304,Retail,14,2020-03-05,Silver
2305,Customer_02305,Retail,9,2018-12-28,Gold
2306,Customer_02306,Retail,11,2019-07-30,Bronze
2307,Customer_02307,Wholesale,12,2021-03-24,Silver
2308,Customer_02308,Retail,12,2020-07-10,Silver
2309,Customer_02309,Wholesale,18,2020-06-28,Silver
2310,Customer_02310,SME,15,2020-10-25,Platinum
2311,Customer_02311,SME,2,2018-01-21,Gold
2312,Customer_02312,Retail,1,2021-03-03,Bronze
2313,Customer_02313,Retail,11,2019-02-07,Bronze
2314,Customer_02314,Retail,23,2018-04-05,Bronze
2315,Customer_02315,Retail,1,2018-09-27,Bronze
2316,Customer_02316,retail,2,2018-09-20,Silver
2317,Customer_02317,Retail,17,2021-05-08,Platinum
2318,Customer_02318,Enterprise,12,2021-06-16,Gold
2319,Customer_02319,Retail,6,2018-10-15,Bronze
2320,Customer_02320,SME,6,2018-12-08,Silver
2321,Customer_02321,Retail,17,2018-12-16,Bronze
2322,Customer_02322,Retail,14,2020-04-14,Silver
2323,Customer_02323,Retail,16,2019-11-08,Bronze
2324,Customer_02324,Retail,8,2021-12-09,Platinum
2325,Customer_02325,Retail,14,2020-10-22,Gold
2326,Customer_02326,SME,22,2019-11-01,Bronze
2327,Customer_02327,Retail,8,2021-06-27,Silver
2328,Customer_02328,Retail,10,2021-06-20,Silver
2329,Customer_02329,Wholesale,5,2021-10-26,Gold
2330,Customer_02330,Retail,16,2021-02-21,Silver
2331,Customer_02331,Wholesale,1,2017-12-04,Bronze
2332,Customer_02332,Retail,7,2019-02-22,Silver
2333,Customer_02333,SME,18,2018-02-09,Bronze
2334,Customer_02334,Retail,1,2020-12-12,Silver
2335,Customer_02335,Retail,25,2019-07-18,Bronze
2336,Customer_02336,Wholesale,11,2018-05-05,Silver
2337,Customer_02337,SME,10,2020-07-22,Gold
2338,Customer_02338,Retail,14,2019-04-22,Bronze
2339,Customer_02339,Wholesale,16,2019-02-27,Silver
2340,Customer_02340,Retail,12,2018-08-02,Gold
2341,Customer_02341,Retail,23,2018-01-08,Bronze
2342,Customer_02342,Retail,25,2019-06-24,Silver
2343,Customer_02343,Enterprise,6,2019-08-12,Silver
2344,Customer_02344,Retail,18,2018-06-08,Silver
2345,Customer_02345,Enterprise,8,2019-03-12,Gold
2346,Customer_02346,Retail,25,2020-07-08,Silver
2347,Customer_02347,SME,7,2019-06-01,Silver
2348,Customer_02348,SME,8,2019-10-01,Bronze
2349,Customer_02349,Retail,18,2021-01-23,Bronze
2350,Customer_02350,Retail,20,2019-11-20,Bronze
2351,Customer_02351,Retail,4,2019-06-11,Platinum
2352,Customer_02352,SME,14,2018-04-17,Gold
2353,Customer_02353,Retail,9,2019-08-15,Gold
2354,Customer_02354,Wholesale,16,2021-04-29,Bronze
2355,Customer_02355,Retail,14,2017-12-12,Silver
2356,Customer_02356,Enterprise,25,2019-08-18,Gold
2357,Customer_02357,Retail,24,2020-10-28,Silver
2358,Customer_02358,Wholesale,17,2018-11-27,Bronze
2359,Customer_02359,SME,17,2020-06-03,Gold
2360,Customer_02360,Retail,23,2020-06-25,Bronze
2361,Customer_02361,SME,5,2018-07-22,Bronze
2362,Customer_02362,Retail,19,2018-06-10,Platinum
2363,Customer_02363,Retail,20,2019-11-08,Silver
2364,Customer_02364,SME,4,2020-06-21,Silver
2365,Customer_02365,Wholesale,23,2018-06-17,Silver
2366,Customer_02366,Wholesale,18,2021-04-17,Platinum
2367,Customer_02367,Retail,9,2018-12-08,Bronze
2368,Customer_02368,Retail,13,2019-08-09,Gold
2369,Customer_02369,Retail,13,2018-06-30,Bronze
2370,Customer_02370,Wholesale,23,2020-04-11,Bronze
2371,Customer_02371,Retail,25,2018-08-02,Silver
2372,Customer_02372,Retail,21,2021-12-10,Silver
2373,Customer_02373,Retail,17,2018-11-21,Bronze
2374,Customer_02374,Retail,3,2021-09-19,Silver
2375,Customer_02375,Retail,23,2019-05-14,Silver
2376,Customer_02376,Retail,4,2021-03-15,Silver
2377,Customer_02377,SME,5,2018-01-17,Gold
2378,Customer_02378,Wholesale,2,2018-11-05,Gold
2379,Customer_02379,Retail,24,2021-07-29,Silver
2380,Customer_02380,Wholesale,13,2018-05-04,Silver
2381,Customer_02381,SME,6,2020-12-20,Silver
2382,Customer_02382,Retail,3,2019-10-06,Silver
2383,Customer_02383,retail,11,2021-08-27,Bronze
2384,Customer_02384,Retail,19,2021-07-27,Bronze
2385,Customer_02385,Retail,25,2021-01-05,Bronze
2386,Customer_02386,Enterprise,14,2019-10-23,Silver
2387,Customer_02387,SME,16,2019-10-10,Platinum
2388,Customer_02388,Retail,21,2018-06-28,Silver
2389,Customer_02389,Enterprise,23,2021-04-29,Silver
2390,Customer_02390,Retail,7,2018-12-04,Silver
2391,Customer_02391,Wholesale,25,2021-12-24,Silver
2392,Customer_02392,Enterprise,13,2020-10-22,Silver
2393,Customer_02393,Retail,24,2021-04-14,Silver
2394,Customer_02394,Retail,3,2021-06-30,Gold
2395,Customer_02395,Wholesale,3,2019-08-09,Bronze
2396,Customer_02396,SME,23,2018-04-21,Silver
2397,Customer_02397,Retail,17,2019-04-07,Silver
2398,Customer_02398,Retail,5,2018-06-30,Gold
2399,Customer_02399,Retail,23,2019-07-29,Platinum
2400,Customer_02400,Wholesale,3,2021-10-13,Gold
2401,Customer_02401,Wholesale,18,2020-08-01,Silver
2402,Customer_02402,Enterprise,6,2018-08-15,Bronze
2403,Customer_02403,Enterprise,2,2021-10-27,Silver
2404,Customer_02404,SME,21,2021-08-09,Gold
2405,Customer_02405,SME,22,2018-07-31,Platinum
2406,Customer_02406,Retail,3,2021-09-29,Gold
2407,Customer_02407,Wholesale,3,2018-01-23,Bronze
2408,Customer_02408,retail,16,2018-11-21,Gold
2409,Customer_02409,Retail,1,2019-04-10,Gold
2410,Customer_02410,SME,19,2019-10-20,Silver
2411,Customer_02411,Wholesale,23,2021-08-20,Silver
2412,Customer_02412,SME,19,2020-04-20,Silver
2413,Customer_02413,Retail,6,2018-09-08,Silver
2414,Customer_02414,Wholesale,5,2018-04-17,Bronze
2415,Customer_02415,Retail,18,2020-03-02,Bronze
2416,Customer_02416,Retail,2,2018-07-23,Gold
2417,Customer_02417,Retail,14,2018-10-25,Platinum
2418,Customer_02418,Wholesale,12,2021-10-07,Gold
2419,Customer_02419,Retail,19,2019-06-16,Bronze
2420,Customer_02420,SME,6,2019-06-22,Bronze
2421,Customer_02421,Retail,20,2019-10-10,Bronze
2422,Customer_02422,Retail,18,2018-10-31,Gold
2423,Customer_02423,Enterprise,6,2018-05-08,Silver
2424,Customer_02424,Retail,9,2019-09-29,Platinum
2425,Customer_02425,SME,2,2020-09-08,Bronze
2426,Customer_02426,Enterprise,12,2017-12-19,Silver
2427,Customer_02427,Retail,7,2018-01-17,Gold
2428,Customer_02428,Wholesale,3,2019-03-09,Bronze
2429,Customer_02429,Wholesale,14,2019-05-17,Platinum
2430,Customer_02430,Enterprise,15,2021-07-29,Silver
2431,Customer_02431,SME,3,2020-05-09,Bronze
2432,Customer_02432,Enterprise,5,2021-03-10,Bronze
2433,Customer_02433,Wholesale,3,2019-11-21,Gold
2434,Customer_02434,Retail,17,2018-08-11,Silver
2435,Customer_02435,Wholesale,9,2021-01-30,Gold
2436,Customer_02436,SME,2,2017-11-28,Gold
2437,Customer_02437,Wholesale,5,2021-06-21,Silver
2438,Customer_02438,Wholesale,25,2021-08-07,Gold
2439,Customer_02439,Retail,7,2018-01-01,Platinum
2440,Customer_02440,Enterprise,18,2021-08-04,Bronze
2441,Customer_02441,SME,12,2018-12-26,Gold
2442,Customer_02442,Retail,5,2018-11-13,Bronze
2443,Customer_02443,Retail,8,2020-08-24,Bronze
2444,Customer_02444,wholesale,1,2021-09-27,Silver
2445,Customer_02445,Retail,19,2020-09-26,Gold
2446,Customer_02446,Wholesale,9,2021-09-21,Bronze
2447,Customer_02447,Retail,13,2019-03-30,Silver
2448,Customer_02448,Retail,4,2018-05-09,Silver
2449,Customer_02449,Wholesale,21,2017-11-28,Bronze
2450,Customer_02450,Wholesale,6,2018-09-19,Gold
2451,Customer_02451,Wholesale,15,2018-10-28,Platinum
2452,Customer_02452,Enterprise,22,2018-05-20,Bronze
2453,Customer_02453,wholesale,18,2018-11-04,Bronze
2454,Customer_02454,Enterprise,16,2019-05-02,Platinum
2455,Customer_02455,Wholesale,23,2017-11-29,Bronze
2456,Customer_02456,Wholesale,5,2020-09-05,Bronze
2457,Customer_02457,Wholesale,25,2020-04-22,Platinum
2458,Customer_02458,Retail,14,2018-04-13,Gold
2459,Customer_02459,Retail,11,2020-09-22,Silver
2460,Customer_02460,Wholesale,7,2020-10-10,Silver
2461,Customer_02461,SME,19,2021-05-18,Platinum
2462,Customer_02462,Wholesale,25,2020-11-14,Silver
2463,Customer_02463,Retail,18,2019-07-26,Silver
2464,Customer_02464,Wholesale,1,2018-05-13,Gold
2465,Customer_02465,Retail,12,2021-06-11,Silver
2466,Customer_02466,Enterprise,19,2019-03-17,Silver
2467,Customer_02467,SME,10,2018-11-09,Silver
2468,Customer_02468,Wholesale,20,2018-04-29,Silver
2469,Customer_02469,Wholesale,18,2018-12-03,Silver
2470,Customer_02470,Retail,2,2021-05-13,Silver
2471,Customer_02471,Retail,14,2019-12-30,Silver
2472,Customer_02472,SME,5,2018-02-03,Gold
2473,Customer_02473,Enterprise,13,2018-04-10,Silver
2474,Customer_02474,Wholesale,10,2019-06-27,Bronze
2475,Customer_02475,Retail,21,2018-01-18,Bronze
2476,Customer_02476,Retail,22,2019-04-05,Bronze
2477,Customer_02477,Retail,12,2021-09-26,Gold
2478,Customer_02478,Retail,14,2018-04-01,Silver
2479,Customer_02479,Retail,16,2021-04-24,Bronze
2480,Customer_02480,SME,17,2020-06-09,Gold
2481,Customer_02481,Wholesale,16,2021-01-09,Bronze
2482,Customer_02482,Retail,20,2019-01-18,Bronze
2483,Customer_02483,Retail,25,2021-11-18,Gold
2484,Customer_02484,Retail,21,2019-05-17,Silver
2485,Customer_02485,sme,4,2018-06-15,Gold
2486,Customer_02486,Retail,12,2018-10-08,Gold
2487,Customer_02487,Enterprise,12,2020-09-28,Platinum
2488,Customer_02488,SME,13,2018-04-27,Bronze
2489,Customer_02489,Retail,14,2020-07-07,Gold
2490,Customer_02490,Wholesale,18,2019-03-18,Gold
2491,Customer_02491,sme,11,2019-12-03,Bronze
2492,Customer_02492,Retail,7,2021-09-22,Platinum
2493,Customer_02493,Retail,12,2021-12-28,Silver
2494,Customer_02494,SME,22,2021-04-02,Gold
2495,Customer_02495,SME,8,2018-03-02,Silver
2496,Customer_02496,Wholesale,1,2018-02-01,Silver
2497,Customer_02497,Wholesale,25,2020-04-26,Bronze
2498,Customer_02498,Retail,5,2018-01-10,Platinum
2499,Customer_02499,SME,16,2021-10-19,Silver
2500,Customer_02500,Retail,21,2018-01-11,Bronze
2501,Customer_02501,Retail,7,2021-01-20,Bronze
2502,Customer_02502,Wholesale,9,2021-11-07,Gold
2503,Customer_02503,SME,8,2018-11-22,Bronze
2504,Customer_02504,SME,4,2020-06-07,Silver
2505,Customer_02505,Retail,4,2020-10-20,Silver
2506,Customer_02506,Retail,5,2018-11-19,Bronze
2507,Customer_02507,SME,12,2020-08-20,Silver
2508,Customer_02508,SME,14,2018-11-29,Bronze
2509,Customer_02509,Wholesale,1,2021-03-15,Platinum
2510,Customer_02510,Wholesale,22,2021-08-26,Gold
2511,Customer_02511,Retail,17,2020-09-01,Bronze
2512,Customer_02512,Retail,2,2019-07-02,Silver
2513,Customer_02513,Retail,22,2021-01-29,Silver
2514,Customer_02514,Retail,1,2021-06-01,Platinum
2515,Customer_02515,Retail,15,2018-12-05,Silver
2516,Customer_02516,SME,12,2019-12-24,Silver
2517,Customer_02517,Retail,13,2020-03-25,Platinum
2518,Customer_02518,Retail,24,2021-01-07,Bronze
2519,Customer_02519,Wholesale,24,2021-12-06,Silver
2520,Customer_02520,Retail,7,2021-10-14,Bronze
2521,Customer_02521,Retail,15,2019-03-16,Silver
2522,Customer_02522,Wholesale,24,2021-09-03,Silver
2523,Customer_02523,Retail,19,2020-12-27,Platinum
2524,Customer_02524,Wholesale,23,2018-04-06,Silver
2525,Customer_02525,SME,11,2020-08-04,Bronze
2526,Customer_02526,Retail,8,2018-12-12,Gold
2527,Customer_02527,sme,13,2020-08-05,Gold
2528,Customer_02528,SME,21,2018-03-06,Silver
2529,Customer_02529,SME,24,2018-08-18,Gold
2530,Customer_02530,Wholesale,18,2020-01-28,Bronze
2531,Customer_02531,Wholesale,18,2019-03-12,Silver
2532,Customer_02532,Wholesale,13,2020-04-22,Bronze
2533,Customer_02533,Wholesale,8,2018-02-15,Bronze
2534,Customer_02534,Retail,11,2020-07-13,Platinum
2535,Customer_02535,SME,13,2018-07-27,Gold
2536,Customer_02536,Wholesale,21,2019-06-22,Bronze
2537,Customer_02537,Enterprise,14,2019-05-12,Bronze
2538,Customer_02538,Retail,20,2020-07-23,Platinum
2539,Customer_02539,Retail,1,2018-08-01,Bronze
2540,Customer_02540,Wholesale,19,2018-12-09,Bronze
2541,Customer_02541,Wholesale,13,2018-08-28,Bronze
2542,Customer_02542,Retail,25,2018-09-18,Bronze
2543,Customer_02543,Retail,12,2021-05-10,Bronze
2544,Customer_02544,Retail,12,2018-05-29,Platinum
2545,Customer_02545,wholesale,4,2018-07-19,Bronze
2546,Customer_02546,retail,21,2021-01-02,Silver
2547,Customer_02547,SME,18,2017-12-21,Gold
2548,Customer_02548,Retail,22,2019-11-03,Silver
2549,Customer_02549,Retail,3,2020-09-06,Gold
2550,Customer_02550,Retail,6,2021-01-31,Silver
2551,Customer_02551,Wholesale,22,2020-07-03,Silver
2552,Customer_02552,Retail,2,2021-11-06,Silver
2553,Customer_02553,Wholesale,13,2019-03-02,Gold
2554,Customer_02554,SME,11,2019-02-05,Gold
2555,Customer_02555,Retail,24,2019-04-06,Gold
2556,Customer_02556,Wholesale,22,2019-10-01,Bronze
2557,Customer_02557,Retail,23,2020-07-06,Silver
2558,Customer_02558,Retail,8,2019-01-12,Gold
2559,Customer_02559,Retail,15,2018-06-04,Bronze
2560,Customer_02560,Retail,18,2021-08-23,Gold
2561,Customer_02561,Wholesale,25,2020-06-06,Bronze
2562,Customer_02562,Wholesale,1,2017-11-30,Bronze
2563,Customer_02563,Enterprise,25,2018-06-19,Gold
2564,Customer_02564,Wholesale,9,2017-12-02,Bronze
2565,Customer_02565,Wholesale,4,2021-04-02,Silver
2566,Customer_02566,Retail,16,2020-02-04,Silver
2567,Customer_02567,Retail,20,2021-06-20,Gold
2568,Customer_02568,Retail,4,2018-06-12,Silver
2569,Customer_02569,Wholesale,2,2019-11-15,Silver
2570,Customer_02570,SME,23,2021-01-01,Gold
2571,Customer_02571,Retail,24,2021-08-19,Silver
2572,Customer_02572,Wholesale,4,2018-12-22,Platinum
2573,Customer_02573,enterprise,23,2018-09-02,Gold
2574,Customer_02574,SME,23,2018-05-24,Silver
2575,Customer_02575,Wholesale,25,2018-01-05,Platinum
2576,Customer_02576,Wholesale,6,2018-08-29,Silver
2577,Customer_02577,Wholesale,15,2018-10-10,Bronze
2578,Customer_02578,SME,25,2018-09-02,Bronze
2579,Customer_02579,Retail,23,2017-11-25,Silver
2580,Customer_02580,SME,16,2020-02-07,Bronze
2581,Customer_02581,Retail,5,2018-11-21,Silver
2582,Customer_02582,SME,3,2018-08-21,Silver
2583,Customer_02583,Retail,7,2021-07-11,Silver
2584,Customer_02584,Retail,2,2019-03-02,Bronze
2585,Customer_02585,Retail,5,2020-08-11,Gold
2586,Customer_02586,Retail,2,2021-06-17,Silver
2587,Customer_02587,Retail,20,2021-04-21,Bronze
2588,Customer_02588,Retail,15,2021-07-14,Silver
2589,Customer_02589,Retail,13,2018-04-26,Silver
2590,Customer_02590,Retail,21,2018-11-01,Silver
2591,Customer_02591,Enterprise,11,2021-08-01,Silver
2592,Customer_02592,SME,11,2019-06-08,Bronze
2593,Customer_02593,Wholesale,6,2019-04-17,Gold
2594,Customer_02594,Retail,12,2019-11-14,Silver
2595,Customer_02595,Retail,5,2019-07-07,Bronze
2596,Customer_02596,SME,15,2018-04-12,Gold
2597,Customer_02597,Retail,25,2019-11-15,Silver
2598,Customer_02598,Retail,14,2019-04-18,Silver
2599,Customer_02599,SME,8,2019-08-29,Silver
2600,Customer_02600,SME,18,2020-05-17,Silver
2601,Customer_02601,Retail,21,2018-05-06,Silver
2602,Customer_02602,Wholesale,12,2020-04-21,Bronze
2603,Customer_02603,Retail,7,2018-09-20,Bronze
2604,Customer_02604,Enterprise,18,2019-07-09,Platinum
2605,Customer_02605,Retail,5,2019-03-11,Silver
2606,Customer_02606,Retail,25,2018-11-18,Silver
2607,Customer_02607,Wholesale,8,2018-12-25,Bronze
2608,Customer_02608,Retail,9,2019-09-08,Gold
2609,Customer_02609,Wholesale,19,2019-06-23,Bronze
2610,Customer_02610,Retail,1,2019-11-30,Bronze
2611,Customer_02611,SME,6,2020-08-11,Bronze
2612,Customer_02612,SME,4,2019-01-07,Gold
2613,Customer_02613,retail,10,2018-05-24,Silver
2614,Customer_02614,Enterprise,14,2019-02-09,Bronze
2615,Customer_02615,Retail,5,2018-10-31,Bronze
2616,Customer_02616,retail,9,2018-08-05,Silver
2617,Customer_02617,Retail,20,2020-06-29,Silver
2618,Customer_02618,SME,24,2021-09-30,Silver
2619,Customer_02619,SME,1,2020-08-13,Bronze
2620,Customer_02620,SME,16,2018-11-26,Gold
2621,Customer_02621,SME,1,2018-08-27,Platinum
2622,Customer_02622,SME,14,2019-11-23,Silver
2623,Customer_02623,Retail,22,2018-10-22,Bronze
2624,Customer_02624,SME,20,2021-09-11,Silver
2625,Customer_02625,Wholesale,6,2019-05-11,Bronze
2626,Customer_02626,Retail,7,2019-03-20,Bronze
2627,Customer_02627,Wholesale,20,2019-12-02,Bronze
2628,Customer_02628,Retail,21,2019-01-23,Platinum
2629,Customer_02629,Retail,8,2019-12-26,Silver
2630,Customer_02630,Retail,1,2019-11-08,Gold
2631,Customer_02631,Retail,12,2019-07-11,Silver
2632,Customer_02632,Retail,16,2018-09-29,Silver
2633,Customer_02633,SME,12,2020-12-24,Bronze
2634,Customer_02634,Wholesale,24,2020-10-08,Silver
2635,Customer_02635,Wholesale,21,2020-04-13,Bronze
2636,Customer_02636,Retail,20,2021-03-05,Silver
2637,Customer_02637,Retail,1,2020-08-18,Bronze
2638,Customer_02638,Retail,22,2020-07-24,Silver
2639,Customer_02639,SME,19,2020-09-17,Silver
2640,Customer_02640,Retail,10,2020-04-26,Bronze
2641,Customer_02641,Enterprise,15,2019-12-06,Bronze
2642,Customer_02642,Enterprise,21,2019-02-23,Platinum
2643,Customer_02643,Wholesale,23,2020-10-04,Bronze
2644,Customer_02644,sme,14,2018-07-13,Bronze
2645,Customer_02645,Retail,2,2020-01-13,Bronze
2646,Customer_02646,SME,16,2019-01-16,Silver
2647,Customer_02647,Enterprise,18,2021-07-13,Silver
2648,Customer_02648,Enterprise,2,2021-04-16,Bronze
2649,Customer_02649,Wholesale,21,2020-02-21,Silver
2650,Customer_02650,SME,6,2020-07-01,Silver
2651,Customer_02651,SME,23,2019-12-19,Bronze
2652,Customer_02652,Retail,14,2021-05-09,Platinum
2653,Customer_02653,SME,9,2020-01-22,Platinum
2654,Customer_02654,Enterprise,2,2019-03-08,Bronze
2655,Customer_02655,Retail,1,2019-01-05,Bronze
2656,Customer_02656,SME,19,2020-12-25,Bronze
2657,Customer_02657,Retail,10,2020-08-03,Bronze
2658,Customer_02658,Wholesale,22,2019-11-05,Silver
2659,Customer_02659,Retail,6,2019-11-17,Silver
2660,Customer_02660,Retail,24,2018-10-02,Silver
2661,Customer_02661,SME,24,2020-05-26,Bronze
2662,Customer_02662,Retail,3,2019-04-01,Bronze
2663,Customer_02663,Retail,17,2018-05-17,Platinum
2664,Customer_02664,Retail,24,2020-10-11,Platinum
2665,Customer_02665,Retail,9,2018-08-16,Bronze
2666,Customer_02666,SME,2,2020-08-20,Silver
2667,Customer_02667,SME,22,2020-08-18,Silver
2668,Customer_02668,Retail,12,2019-04-27,Silver
2669,Customer_02669,Wholesale,1,2019-06-14,Silver
2670,Customer_02670,Retail,22,2019-09-30,Gold
2671,Customer_02671,Wholesale,17,2021-01-20,Bronze
2672,Customer_02672,Retail,2,2021-08-10,Bronze
2673,Customer_02673,Retail,7,2018-04-09,Platinum
2674,Customer_02674,Retail,1,2018-06-01,Bronze
2675,Customer_02675,Wholesale,24,2018-05-12,Bronze
2676,Customer_02676,Wholesale,1,2019-11-25,Gold
2677,Customer_02677,Retail,20,2018-05-16,Gold
2678,Customer_02678,SME,13,2020-01-22,Silver
2679,Customer_02679,Enterprise,15,2021-09-10,Gold
2680,Customer_02680,Retail,21,2021-03-10,Silver
2681,Customer_02681,SME,23,2020-11-19,Bronze
2682,Customer_02682,SME,4,2020-06-15,Silver
2683,Customer_02683,Retail,1,2018-02-23,Gold
2684,Customer_02684,Wholesale,4,2020-08-20,Gold
2685,Customer_02685,Retail,18,2019-06-28,Bronze
2686,Customer_02686,enterprise,15,2020-11-21,Bronze
2687,Customer_02687,Retail,3,2019-05-13,Gold
2688,Customer_02688,wholesale,6,2019-09-03,Bronze
2689,Customer_02689,Retail,14,2021-05-21,Bronze
2690,Customer_02690,Wholesale,19,2020-02-08,Gold
2691,Customer_02691,SME,9,2021-07-27,Silver
2692,Customer_02692,Retail,24,2018-05-09,Bronze
2693,Customer_02693,SME,25,2019-02-10,Bronze
2694,Customer_02694,SME,20,2018-02-19,Bronze
2695,Customer_02695,SME,12,2018-05-29,Gold
2696,Customer_02696,Retail,22,2021-02-06,Silver
2697,Customer_02697,SME,19,2019-02-06,Bronze
2698,Customer_02698,Retail,13,2021-08-04,Silver
2699,Customer_02699,Retail,12,2018-01-22,Bronze
2700,Customer_02700,SME,21,2018-10-11,Bronze
2701,Customer_02701,Wholesale,14,2019-03-18,Bronze
2702,Customer_02702,Wholesale,5,2017-12-01,Silver
2703,Customer_02703,Retail,25,2018-07-11,Bronze
2704,Customer_02704,SME,2,2018-06-16,Bronze
2705,Customer_02705,Enterprise,18,2021-08-04,Silver
2706,Customer_02706,Retail,17,2021-11-27,Silver
2707,Customer_02707,SME,15,2018-01-21,Bronze
2708,Customer_02708,Retail,2,2020-12-21,Bronze
2709,Customer_02709,Retail,13,2020-04-02,Bronze
2710,Customer_02710,Wholesale,23,2021-10-28,Silver
2711,Customer_02711,SME,6,2019-06-12,Gold
2712,Customer_02712,Retail,18,2018-08-19,Bronze
2713,Customer_02713,Retail,22,2018-07-19,Gold
2714,Customer_02714,Retail,24,2019-08-13,Gold
2715,Customer_02715,SME,13,2019-04-16,Bronze
2716,Customer_02716,retail,8,2019-11-23,Bronze
2717,Customer_02717,Wholesale,18,2020-03-03,Bronze
2718,Customer_02718,SME,13,2019-09-23,Bronze
2719,Customer_02719,Retail,16,2018-02-28,Silver
2720,Customer_02720,Wholesale,19,2020-12-19,Bronze
2721,Customer_02721,Wholesale,18,2020-01-27,Gold
2722,Customer_02722,SME,7,2019-07-14,Silver
2723,Customer_02723,Retail,19,2019-08-30,Gold
2724,Customer_02724,Retail,14,2021-11-16,Gold
2725,Customer_02725,Retail,24,2020-10-27,Silver
2726,Customer_02726,Enterprise,17,2019-05-08,Platinum
2727,Customer_02727,Enterprise,23,2019-02-25,Platinum
2728,Customer_02728,Retail,25,2018-12-27,Silver
2729,Customer_02729,retail,25,2017-12-06,Bronze
2730,Customer_02730,SME,19,2019-03-29,Silver
2731,Customer_02731,Retail,15,2019-08-16,Bronze
2732,Customer_02732,Retail,3,2020-08-21,Silver
2733,Customer_02733,Wholesale,10,2020-06-25,Silver
2734,Customer_02734,Retail,12,2018-08-11,Silver
2735,Customer_02735,Retail,20,2020-01-29,Gold
2736,Customer_02736,Retail,15,2019-01-24,Bronze
2737,Customer_02737,Retail,11,2021-06-29,Silver
2738,Customer_02738,Wholesale,4,2021-06-23,Bronze
2739,Customer_02739,Enterprise,18,2021-02-12,Gold
2740,Customer_02740,Wholesale,11,2021-03-15,Silver
2741,Customer_02741,Retail,1,2019-07-06,Bronze
2742,Customer_02742,SME,8,2019-05-22,Silver
2743,Customer_02743,Retail,22,2019-09-18,Bronze
2744,Customer_02744,Enterprise,3,2020-10-24,Gold
2745,Customer_02745,Retail,11,2019-08-20,Silver
2746,Customer_02746,Enterprise,13,2021-07-06,Silver
2747,Customer_02747,Retail,3,2020-01-23,Silver
2748,Customer_02748,Retail,5,2021-05-14,Gold
2749,Customer_02749,Retail,24,2021-09-08,Gold
2750,Customer_02750,Retail,15,2021-04-28,Silver
2751,Customer_02751,Retail,6,2021-07-19,Gold
2752,Customer_02752,Enterprise,5,2020-01-16,Silver
2753,Customer_02753,SME,11,2019-10-06,Gold
2754,Customer_02754,Retail,19,2019-07-05,Gold
2755,Customer_02755,SME,19,2020-03-13,Bronze
2756,Customer_02756,Enterprise,5,2021-04-12,Bronze
2757,Customer_02757,sme,19,2021-12-01,Bronze
2758,Customer_02758,Wholesale,23,2019-01-29,Bronze
2759,Customer_02759,Wholesale,6,2017-12-19,Silver
2760,Customer_02760,Wholesale,1,2020-11-06,Bronze
2761,Customer_02761,Wholesale,24,2021-02-28,Silver
2762,Customer_02762,SME,14,2020-09-21,Bronze
2763,Customer_02763,Retail,20,2021-02-14,Bronze
2764,Customer_02764,Retail,9,2021-01-31,Silver
2765,Customer_02765,Retail,8,2019-12-22,Silver
2766,Customer_02766,SME,6,2018-10-12,Silver
2767,Customer_02767,Retail,6,2019-01-29,Gold
2768,Customer_02768,Wholesale,12,2018-01-23,Platinum
2769,Customer_02769,SME,3,2020-07-14,Silver
2770,Customer_02770,SME,22,2019-12-25,Bronze
2771,Customer_02771,Retail,13,2020-06-10,Bronze
2772,Customer_02772,Enterprise,23,2021-10-30,Platinum
2773,Customer_02773,SME,13,2020-05-29,Silver
2774,Customer_02774,Retail,8,2020-12-07,Gold
2775,Customer_02775,Enterprise,13,2020-01-14,Silver
2776,Customer_02776,Retail,4,2021-05-09,Bronze
2777,Customer_02777,Wholesale,21,2018-12-16,Silver
2778,Customer_02778,Wholesale,19,2018-07-17,Gold
2779,Customer_02779,Retail,4,2018-01-21,Gold
2780,Customer_02780,Retail,15,2021-08-27,Bronze
2781,Customer_02781,Retail,14,2021-07-09,Silver
2782,Customer_02782,Retail,6,2018-01-13,Bronze
2783,Customer_02783,Wholesale,4,2018-07-09,Platinum
2784,Customer_02784,Retail,20,2019-08-03,Bronze
2785,Customer_02785,Retail,7,2020-09-06,Gold
2786,Customer_02786,Wholesale,13,2019-11-17,Bronze
2787,Customer_02787,Wholesale,7,2019-10-21,Silver
2788,Customer_02788,Wholesale,17,2018-07-10,Silver
2789,Customer_02789,SME,2,2019-10-30,Bronze
2790,Customer_02790,Retail,9,2021-11-21,Gold
2791,Customer_02791,SME,14,2019-02-17,Gold
2792,Customer_02792,Retail,11,2018-10-24,Gold
2793,Customer_02793,Enterprise,16,2020-10-11,Bronze
2794,Customer_02794,SME,5,2021-07-11,Gold
2795,Customer_02795,SME,12,2021-06-02,Silver
2796,Customer_02796,Wholesale,19,2018-07-20,Silver
2797,Customer_02797,Wholesale,9,2020-03-01,Silver
2798,Customer_02798,Retail,4,2019-10-31,Silver
2799,Customer_02799,Wholesale,22,2018-01-22,Bronze
2800,Customer_02800,Enterprise,20,2021-10-02,Silver
2801,Customer_02801,SME,18,2021-02-27,Bronze
2802,Customer_02802,Retail,20,2018-08-01,Bronze
2803,Customer_02803,Retail,20,2019-10-14,Bronze
2804,Customer_02804,Wholesale,19,2021-11-22,Bronze
2805,Customer_02805,Retail,13,2019-02-12,Gold
2806,Customer_02806,Retail,1,2021-06-08,Silver
2807,Customer_02807,Retail,15,2018-10-16,Bronze
2808,Customer_02808,Enterprise,7,2018-09-23,Gold
2809,Customer_02809,Retail,20,2018-08-14,Platinum
2810,Customer_02810,Retail,12,2020-02-04,Gold
2811,Customer_02811,Retail,23,2020-11-26,Gold
2812,Customer_02812,SME,15,2018-05-20,Platinum
2813,Customer_02813,Wholesale,14,2019-09-16,Silver
2814,Customer_02814,Retail,23,2019-05-24,Platinum
2815,Customer_02815,Retail,12,2021-06-11,Platinum
2816,Customer_02816,Wholesale,10,2019-06-11,Bronze
2817,Customer_02817,Retail,10,2019-08-15,Gold
2818,Customer_02818,Wholesale,22,2020-10-20,Gold
2819,Customer_02819,Retail,19,2018-11-08,Gold
2820,Customer_02820,SME,5,2021-06-15,Gold
2821,Customer_02821,Retail,13,2019-01-18,Silver
2822,Customer_02822,Wholesale,10,2018-01-21,Silver
2823,Customer_02823,Retail,17,2019-09-04,Silver
2824,Customer_02824,SME,2,2021-07-28,Gold
2825,Customer_02825,SME,18,2019-09-25,Gold
2826,Customer_02826,Enterprise,19,2019-10-31,Gold
2827,Customer_02827,Retail,6,2019-09-26,Gold
2828,Customer_02828,Retail,4,2020-11-19,Platinum
2829,Customer_02829,SME,16,2019-06-07,Bronze
2830,Customer_02830,Enterprise,7,2020-12-01,Platinum
2831,Customer_02831,Retail,24,2019-09-18,Bronze
2832,Customer_02832,Retail,20,2019-07-25,Silver
2833,Customer_02833,Retail,24,2019-05-09,Bronze
2834,Customer_02834,SME,14,2018-09-23,Silver
2835,Customer_02835,Wholesale,24,2018-05-19,Silver
2836,Customer_02836,Wholesale,1,2018-10-24,Bronze
2837,Customer_02837,Wholesale,8,2018-09-26,Silver
2838,Customer_02838,Retail,1,2018-06-08,Gold
2839,Customer_02839,Retail,17,2021-01-03,Bronze
2840,Customer_02840,Retail,13,2020-10-19,Silver
2841,Customer_02841,Enterprise,8,2019-10-25,Bronze
2842,Customer_02842,Retail,8,2020-02-03,Bronze
2843,Customer_02843,Retail,17,2019-02-13,Bronze
2844,Customer_02844,Retail,5,2021-12-18,Silver
2845,Customer_02845,Retail,13,2021-06-07,Gold
2846,Customer_02846,Wholesale,16,2018-12-08,Silver
2847,Customer_02847,Retail,6,2018-08-18,Gold
2848,Customer_02848,Retail,6,2020-10-05,Silver
2849,Customer_02849,Enterprise,9,2020-09-22,Gold
2850,Customer_02850,Retail,15,2019-09-12,Platinum
2851,Customer_02851,Retail,7,2020-01-17,Silver
2852,Customer_02852,Retail,10,2021-04-23,Bronze
2853,Customer_02853,SME,14,2019-12-13,Bronze
2854,Customer_02854,Retail,5,2018-08-21,Silver
2855,Customer_02855,Enterprise,15,2019-01-03,Silver
2856,Customer_02856,SME,4,2018-08-25,Bronze
2857,Customer_02857,Wholesale,4,2019-05-12,Gold
2858,Customer_02858,Retail,6,2018-05-26,Platinum
2859,Customer_02859,Enterprise,8,2020-12-23,Bronze
2860,Customer_02860,Retail,1,2021-10-25,Bronze
2861,Customer_02861,Retail,25,2021-07-14,Bronze
2862,Customer_02862,Wholesale,8,2017-12-05,Silver
2863,Customer_02863,Retail,21,2019-05-17,Gold
2864,Customer_02864,Retail,23,2020-12-26,Silver
2865,Customer_02865,retail,21,2018-06-30,Bronze
2866,Customer_02866,Retail,21,2020-09-24,Silver
2867,Customer_02867,Retail,3,2019-07-21,Bronze
2868,Customer_02868,Wholesale,10,2020-12-23,Silver
2869,Customer_02869,SME,19,2021-08-12,Silver
2870,Customer_02870,Retail,15,2020-11-26,Silver
2871,Customer_02871,Wholesale,1,2021-01-24,Silver
2872,Customer_02872,Retail,15,2019-09-26,Gold
2873,Customer_02873,Retail,21,2021-12-01,Bronze
2874,Customer_02874,Retail,21,2021-01-07,Gold
2875,Customer_02875,Retail,10,2019-09-03,Bronze
2876,Customer_02876,Retail,6,2020-05-21,Bronze
2877,Customer_02877,Retail,8,2019-05-24,Gold
2878,Customer_02878,Retail,8,2019-04-24,Silver
2879,Customer_02879,Wholesale,9,2018-01-14,Bronze
2880,Customer_02880,Retail,8,2018-07-27,Silver
2881,Customer_02881,Retail,12,2021-01-24,Gold
2882,Customer_02882,Retail,2,2019-02-27,Platinum
2883,Customer_02883,Wholesale,7,2019-06-06,Silver
2884,Customer_02884,Retail,8,2019-07-25,Bronze
2885,Customer_02885,Wholesale,4,2018-09-21,Silver
2886,Customer_02886,Retail,22,2021-05-25,Bronze
2887,Customer_02887,Retail,17,2020-06-18,Bronze
2888,Customer_02888,SME,23,2018-08-26,Silver
2889,Customer_02889,Retail,15,2018-05-04,Gold
2890,Customer_02890,Retail,3,2021-11-07,Bronze
2891,Customer_02891,Retail,23,2020-01-25,Gold
2892,Customer_02892,SME,12,2020-12-01,Gold
2893,Customer_02893,Wholesale,18,2021-04-25,Gold
2894,Customer_02894,Wholesale,10,2021-10-08,Bronze
2895,Customer_02895,SME,13,2019-10-17,Silver
2896,Customer_02896,Retail,13,2019-04-06,Bronze
2897,Customer_02897,SME,8,2019-10-28,Bronze
2898,Customer_02898,Retail,14,2020-06-28,Bronze
2899,Customer_02899,Wholesale,19,2018-11-02,Bronze
2900,Customer_02900,Retail,1,2019-04-29,Bronze
2901,Customer_02901,Retail,4,2018-04-10,Bronze
2902,Customer_02902,SME,22,2020-07-30,Platinum
2903,Customer_02903,Retail,15,2021-01-08,Gold
2904,Customer_02904,SME,25,2020-02-18,Bronze
2905,Customer_02905,Retail,16,2019-12-03,Platinum
2906,Customer_02906,Wholesale,17,2020-02-15,Bronze
2907,Customer_02907,SME,23,2018-08-02,Silver
2908,Customer_02908,Retail,17,2021-10-25,Gold
2909,Customer_02909,SME,9,2019-11-02,Silver
2910,Customer_02910,Wholesale,14,2020-03-27,Bronze
2911,Customer_02911,Enterprise,6,2021-02-19,Silver
2912,Customer_02912,Retail,9,2019-05-16,Silver
2913,Customer_02913,Wholesale,18,2018-09-18,Silver
2914,Customer_02914,Wholesale,4,2019-10-05,Silver
2915,Customer_02915,Retail,17,2021-08-27,Silver
2916,Customer_02916,Retail,15,2021-09-11,Bronze
2917,Customer_02917,Retail,8,2020-04-09,Silver
2918,Customer_02918,SME,2,2019-04-05,Bronze
2919,Customer_02919,Retail,18,2020-09-18,Gold
2920,Customer_02920,Enterprise,21,2020-09-25,Gold
2921,Customer_02921,SME,19,2018-06-21,Silver
2922,Customer_02922,Retail,11,2021-12-11,Gold
2923,Customer_02923,Retail,17,2021-09-04,Bronze
2924,Customer_02924,Wholesale,11,2021-05-13,Bronze
2925,Customer_02925,Retail,9,2017-12-18,Silver
2926,Customer_02926,Wholesale,9,2019-12-17,Silver
2927,Customer_02927,Wholesale,6,2021-05-09,Gold
2928,Customer_02928,Wholesale,25,2020-09-23,Platinum
2929,Customer_02929,Retail,17,2018-01-08,Silver
2930,Customer_02930,Wholesale,5,2019-02-25,Silver
2931,Customer_02931,Wholesale,22,2021-01-31,Silver
2932,Customer_02932,Retail,4,2021-01-06,Bronze
2933,Customer_02933,wholesale,15,2021-09-11,Bronze
2934,Customer_02934,SME,5,2018-10-30,Platinum
2935,Customer_02935,Wholesale,10,2021-06-09,Gold
2936,Customer_02936,Retail,17,2020-10-29,Platinum
2937,Customer_02937,Retail,25,2020-07-28,Bronze
2938,Customer_02938,Retail,25,2019-06-15,Bronze
2939,Customer_02939,Retail,23,2019-07-07,Silver
2940,Customer_02940,Retail,6,2018-09-21,Platinum
2941,Customer_02941,SME,3,2020-10-13,Bronze
2942,Customer_02942,Retail,23,2020-06-02,Bronze
2943,Customer_02943,SME,24,2020-05-29,Bronze
2944,Customer_02944,Retail,7,2021-10-23,Gold
2945,Customer_02945,Retail,1,2018-12-22,Gold
2946,Customer_02946,Retail,17,2019-10-21,Silver
2947,Customer_02947,Retail,2,2020-01-19,Bronze
2948,Customer_02948,Enterprise,2,2017-11-30,Gold
2949,Customer_02949,SME,24,2021-04-08,Silver
2950,Customer_02950,SME,13,2018-01-09,Bronze
2951,Customer_02951,Retail,3,2019-03-18,Bronze
2952,Customer_02952,Enterprise,17,2021-02-04,Silver
2953,Customer_02953,Retail,10,2019-03-21,Bronze
2954,Customer_02954,SME,14,2018-11-25,Platinum
2955,Customer_02955,Wholesale,23,2020-07-07,Silver
2956,Customer_02956,Retail,6,2020-08-02,Silver
2957,Customer_02957,Retail,17,2018-07-29,Silver
2958,Customer_02958,Retail,21,2021-05-06,Silver
2959,Customer_02959,Retail,11,2021-12-12,Bronze
2960,Customer_02960,SME,25,2019-04-09,Silver
2961,Customer_02961,Enterprise,12,2018-04-13,Bronze
2962,Customer_02962,SME,12,2019-12-12,Silver
2963,Customer_02963,Retail,23,2021-06-13,Gold
2964,Customer_02964,Wholesale,16,2019-10-16,Silver
2965,Customer_02965,Retail,22,2020-12-20,Silver
2966,Customer_02966,Wholesale,20,2018-08-09,Bronze
2967,Customer_02967,Retail,18,2019-06-28,Silver
2968,Customer_02968,Retail,7,2020-08-15,Bronze
2969,Customer_02969,Wholesale,10,2019-06-10,Platinum
2970,Customer_02970,Retail,22,2019-04-07,Silver
2971,Customer_02971,Retail,16,2019-03-20,Gold
2972,Customer_02972,Wholesale,8,2020-07-01,Silver
2973,Customer_02973,Retail,9,2019-08-30,Gold
2974,Customer_02974,SME,20,2021-10-29,Bronze
2975,Customer_02975,Wholesale,5,2020-05-06,Bronze
2976,Customer_02976,SME,3,2020-06-13,Bronze
2977,Customer_02977,Wholesale,20,2019-10-22,Bronze
2978,Customer_02978,Enterprise,8,2018-02-06,Platinum
2979,Customer_02979,Enterprise,20,2018-02-01,Gold
2980,Customer_02980,SME,14,2020-01-08,Silver
2981,Customer_02981,Wholesale,25,2019-05-08,Silver
2982,Customer_02982,Retail,14,2021-07-23,Silver
2983,Customer_02983,Retail,22,2020-01-09,Silver
2984,Customer_02984,Wholesale,22,2019-03-07,Gold
2985,Customer_02985,Retail,6,2019-03-14,Silver
2986,Customer_02986,Retail,25,2018-01-17,Gold
2987,Customer_02987,Retail,19,2020-02-02,Bronze
2988,Customer_02988,Wholesale,3,2018-04-11,Platinum
2989,Customer_02989,Retail,1,2017-12-25,Bronze
2990,Customer_02990,Wholesale,7,2019-08-28,Silver
2991,Customer_02991,Enterprise,1,2021-08-17,Gold
2992,Customer_02992,SME,9,2020-06-16,Bronze
2993,Customer_02993,Retail,25,2018-11-11,Bronze
2994,Customer_02994,wholesale,12,2019-08-14,Silver
2995,Customer_02995,Wholesale,1,2018-02-27,Silver
2996,Customer_02996,Retail,13,2018-08-27,Platinum
2997,Customer_02997,Wholesale,6,2021-09-29,Gold
2998,Customer_02998,Retail,22,2018-06-20,Silver
2999,Customer_02999,SME,3,2020-07-14,Platinum
3000,Customer_03000,Retail,20,2018-08-22,Silver
